basin_id,model,mode,fraction,dataset,NSE,KGE,RMSE,MAE,PBIAS,FDC_slope_error,FDC_KGE,tail_RMSE_95,tail_RMSE_99,RB_flashiness_obs,RB_flashiness_sim,n_predictions
10005,chronos,few_shot,0.1,CAMELS-IND,0.7473623151625066,0.8323579363151672,12.35066669292699,5.1739668540656565,-4.8039111305576085,0.005371717610350421,0.8689588641395162,16.89588165283203,16.89588165283203,0.83407634,0.75262487,20
10008,chronos,few_shot,0.1,CAMELS-IND,0.21849000122238182,0.27096397507836756,584.5264533817791,112.08191954942397,-23.88381488848249,0.0003652609861208387,0.4865673995944434,2443.882508584957,4709.118674152878,1.2318078,1.1433855,162
10010,chronos,few_shot,0.1,CAMELS-IND,0.4378215688864766,0.4664849155477131,145.50386079092453,34.29943957533332,-26.41191614908303,,0.582548907194516,613.0091349529526,1064.1123046348637,0.96372426,0.8959408,157
10011,chronos,few_shot,0.1,CAMELS-IND,0.7168809950371087,0.7981430548995785,115.78763210086593,32.61985480380647,-6.080066069860827,0.0026827387580534955,0.8664513731527118,344.9107863116782,229.8692805262481,0.97808325,0.76751906,162
10013,chronos,few_shot,0.1,CAMELS-IND,0.9445931752657108,0.9315593078809994,3.933052728136956,1.3356216321201444,1.3619459746368487,0.001982589371954899,0.9358946840262792,16.166068149056848,11.24762318840408,0.57174355,0.6027776,159
10014,chronos,few_shot,0.1,CAMELS-IND,0.8674699958307256,0.854788748154063,25.063764383855464,7.20394018985614,-9.802003264155193,0.0010274185442910606,0.8705368358071536,69.79168289293622,92.38376764108429,0.56679386,0.6539737,158
11001,chronos,few_shot,0.1,CAMELS-IND,0.23179229099933707,0.14739873582645258,141.0412468360903,22.21590730139784,-40.734868217288835,,0.30065768547554794,624.5374475300863,1154.503690878905,1.4175909,1.2488463,157
11010,chronos,few_shot,0.1,CAMELS-IND,0.07489746407055686,0.24690988736208064,160.37551223100348,36.06857443738867,-24.057571105669993,-0.0017858211347380956,0.5648522764090552,676.6190340733008,1255.7728689285432,0.8624457,0.80345064,162
12001,chronos,few_shot,0.1,CAMELS-IND,0.6266927734562526,0.5895819712545242,35.77103998283069,8.434904439556867,-12.865820088617324,-0.0036568165261737784,0.6343372426425157,150.8669781049712,252.0530265427828,0.7537564,0.61795175,133
12004,chronos,few_shot,0.1,CAMELS-IND,0.4906306499106722,0.6337636652396215,332.91542703777134,93.21609899732802,7.7663353823042955,0.0009562527048732131,0.6646354005359798,1365.0509720942182,885.972900390625,0.6328463,0.84664047,90
12006,chronos,few_shot,0.1,CAMELS-IND,0.09700977523505316,0.5533033887211787,39.616230497187,10.745805017650127,-7.880767961523178,-0.005377370352664772,0.9139873446527337,129.5625147390496,203.13745981509948,0.7781641,1.0018103,162
12009,chronos,few_shot,0.1,CAMELS-IND,0.6580446055190207,0.6735224771885339,20.49201134372598,6.257329444846381,15.171146681813186,,0.6904101093848518,64.92181142408852,45.653689843692526,0.7895202,0.7664056,115
12012,chronos,few_shot,0.1,CAMELS-IND,0.7713655149831018,0.8053982274808662,30.400372562341776,8.52039433559593,-1.4286436865333905,0.0025485346332435703,0.8207320755042409,124.15729853429696,159.8323340923768,0.4883554,0.620563,147
12015,chronos,few_shot,0.1,CAMELS-IND,0.42483418712431387,0.7075967733173989,7.408860527703303,2.0419680944428995,-4.04788382442178,,0.8168029760193564,30.312814498723938,28.846943299081413,0.7723838,0.66811347,130
12016,chronos,few_shot,0.1,CAMELS-IND,-0.25969789423775613,0.25432512320461,109.46073247862178,23.836858722898697,-6.078756129960621,0.001912545344709124,0.7240906287485847,400.94155281736283,804.3441848227617,1.0296931,1.1084433,162
12018,chronos,few_shot,0.1,CAMELS-IND,-0.3973115260171409,0.38029812904420823,113.79512596912497,24.662954062249305,11.75415860154963,0.004095486998323995,0.5293148633814412,180.82427607905097,209.90912719086734,0.7182963,0.9453752,144
12020,chronos,few_shot,0.1,CAMELS-IND,0.6642816432101306,0.5580268530995232,477.50396980843976,112.88796499040392,-20.607700139482002,0.00020887270474623937,0.5761735952850089,1865.9869503628086,3670.722691331652,0.9715094,0.6047797,162
12025,chronos,few_shot,0.1,CAMELS-IND,0.5896597661458944,0.6249419701778987,943.0174627272894,238.75671768188477,-15.152091565777601,0.0007673696151200664,0.6971077696823704,3655.4853453227297,6011.381780022961,0.75947297,0.669809,162
12026,chronos,few_shot,0.1,CAMELS-IND,0.5742202839876926,0.6507229272553536,440.83441648376197,104.07946381156827,-13.718433438738419,0.0019545410595899655,0.742282782025344,1833.1011249428666,3188.9377728100417,0.48123333,0.5446,162
12029,chronos,few_shot,0.1,CAMELS-IND,-0.5019169744470109,0.0004454931623754099,84.8642319576117,23.78033489142903,-30.656042509215258,-0.00010201183264438307,0.6102955622796449,281.3641960636342,420.5622926530182,0.97607183,0.93258655,104
12035,chronos,few_shot,0.1,CAMELS-IND,0.8315709114493026,0.8668429832619798,384.61172100514216,215.33231729342614,1.01252988627569,-0.0032495445241281003,0.8859084859881677,449.2586533487619,543.2652323597798,0.5521911,0.47930682,162
12036,chronos,few_shot,0.1,CAMELS-IND,0.686229181893937,0.7003328260121625,53.66938060392983,15.291316426974142,-6.287931855705326,-0.00013931895115440115,0.7319003163485325,212.79729532960934,397.01836592981414,0.65013844,0.53525966,159
12038,chronos,few_shot,0.1,CAMELS-IND,-0.16229711735801766,0.48459348297325955,142.7727659755053,41.037731437208016,7.484480744840669,-0.002112723432903099,0.6837181498649516,541.9539778617261,685.5987383506406,0.910677,1.1678666,162
12043,chronos,few_shot,0.1,CAMELS-IND,0.5606962721005013,0.777586017302138,52.58718935204423,14.314343151820152,1.3624296896979546,-0.0015051241121929876,0.8870475527244471,189.89311367298802,143.98512606875732,0.6588077,0.915067,147
12044,chronos,few_shot,0.1,CAMELS-IND,0.5235659509051348,0.6204687235906324,13.046565847936527,3.4091163540259,3.8912456222321934,-0.008140644741624473,0.6331496668005059,54.370398247305424,103.42210759934599,0.6738287,0.7406433,160
12046,chronos,few_shot,0.1,CAMELS-IND,0.818548074108502,0.7408762390973382,254.64405071173925,67.57999655641156,-12.021190967071801,0.00042243908555201354,0.7538578796589552,1063.9602484092093,1836.144515539831,0.56891,0.49371532,162
13004,chronos,few_shot,0.1,CAMELS-IND,0.7100831404799274,0.6137645877878137,123.29784550707281,31.67905288120234,-21.989560898023438,,0.6400525453217597,490.5997830150708,699.1370256752841,0.81954694,0.75661623,161
13010,chronos,few_shot,0.1,CAMELS-IND,0.1787067880649521,0.4245594088086624,97.70866639600757,23.337761429288694,-10.737413113512293,,0.6567900574021166,319.94560763312387,552.2485285136843,1.2435126,1.2038639,124
13012,chronos,few_shot,0.1,CAMELS-IND,-0.30732982859726965,-0.18804673498189195,63.46747751905093,14.639310366321693,-45.65343733636215,-0.0019974852115188096,0.3558244053405687,241.18051348926835,413.9782476425171,1.5885645,1.3790731,55
13016,chronos,few_shot,0.1,CAMELS-IND,0.2850331691117637,0.45213729802417446,439.82237119337753,109.77290369334973,-18.895341827684618,,0.6471831229223222,1720.355509552666,3176.111783699958,1.3182913,1.1748879,152
13017,chronos,few_shot,0.1,CAMELS-IND,-0.05366045718700718,-0.1598862512771979,364.4171246738562,109.87151436294828,-44.13666219203891,0.01910217077262729,0.1765652608181023,1343.2666620284865,1899.29296875,1.2038574,0.90097123,28
13025,chronos,few_shot,0.1,CAMELS-IND,-5.47870235182227,-0.8560598775028179,171.80089304905985,37.87918413209391,53.21350650676023,,-0.7163867324905275,200.4346758746086,427.6702461242676,1.0517657,1.5108557,91
14001,chronos,few_shot,0.1,CAMELS-IND,-11.312156689205056,-2.2167545559750184,422.7666051691727,153.53183034261068,64.68630856382532,0.003450624604352758,-2.215119359152656,1610.38623046875,1610.38623046875,0.79521,1.3499129,15
14003,chronos,few_shot,0.1,CAMELS-IND,0.5154999941528298,0.7461093229952745,173.13239800753306,48.05769239626825,8.909020243319397,,0.8508781683825644,626.9935356989196,767.8648046573837,1.0924406,1.011871,160
14004,chronos,few_shot,0.1,CAMELS-IND,0.6420696200187059,0.6839741442830702,59.31794783217021,16.897298438876284,11.541704051956032,,0.7016429545866615,202.5945340274597,123.86847037743057,0.7277807,0.9878035,102
14008,chronos,few_shot,0.1,CAMELS-IND,0.21083119824286556,0.30350003425541305,86.34788244933353,16.19351120546179,-23.18084093040696,,0.5335647475451479,377.9717470764845,701.730309191095,1.3781204,1.2924421,159
14009,chronos,few_shot,0.1,CAMELS-IND,0.037844151409930804,0.3226019785163955,48.49436651884365,25.528674175696715,-25.75140325620616,0.005613823663245206,0.632435501273881,157.69866943359375,157.69866943359375,0.82042,0.5221874,14
14012,chronos,few_shot,0.1,CAMELS-IND,0.4466102395792596,0.6348899450980678,43.66700257698803,11.276995921306472,7.023438396663559,,0.6737566604488175,154.93069812478484,124.58671455688362,0.6887223,0.8571367,139
14014,chronos,few_shot,0.1,CAMELS-IND,0.21884252483760158,0.6191460533289208,63.71850496535221,14.00387841463089,6.965486247979866,0.00102605235512844,0.7600939701380531,257.5225382321384,483.78944789459047,0.8519444,0.9930828,160
15001,chronos,few_shot,0.1,CAMELS-IND,0.4128695555644689,0.7139677109388194,76.07722913584459,30.917163026063964,5.732961441244006,,0.8790792852213225,208.6850553494863,309.8609677373008,0.62463605,0.7531643,133
15003,chronos,few_shot,0.1,CAMELS-IND,0.5442538879735821,0.4533319017434163,6.4081546799628155,1.7646921887809848,-7.048184229654898,-0.0013659530090503295,0.46452094765296614,26.216973061670732,55.48893633504144,0.42795274,0.31240737,162
15005,chronos,few_shot,0.1,CAMELS-IND,0.8136660040329364,0.8296648384764069,21.025644986871125,9.376348840284951,-3.8641702931658344,0.0020257289421382885,0.8593734276139056,79.78365123975303,131.94557922748112,0.46545175,0.3837647,158
15006,chronos,few_shot,0.1,CAMELS-IND,-0.07265165377112304,0.44660009145576784,47.8942854418448,13.160009456430974,8.465371257435105,0.003929450663176001,0.5266542928951083,156.3141885590031,196.08061449103124,0.5302146,0.761443,147
15007,chronos,few_shot,0.1,CAMELS-IND,-0.36756870680462517,0.3460732577913006,23.33329862679218,7.598856682286543,2.698066328215319,,0.43427557661521465,76.85167798406145,86.4012211168368,0.7763058,0.96616983,136
15008,chronos,few_shot,0.1,CAMELS-IND,0.3781591097893232,0.6587346104593992,305.6703005977803,102.01134212390669,-6.144512365271382,,0.719679690127443,1265.4985592049773,580.1927882794847,0.52056617,0.7348954,138
15009,chronos,few_shot,0.1,CAMELS-IND,0.7313120640959756,0.8373230174345768,45.01398446904334,15.747698072022127,-8.164339296433388,0.0002983180517211609,0.9076604344531911,179.65048155626428,252.1160570916211,0.5621957,0.5623398,162
15010,chronos,few_shot,0.1,CAMELS-IND,0.12190285061330064,0.5759802164569137,45.756684132779654,17.84713554014394,-7.39207706777487,0.0003076926090293461,0.6572342407132294,177.87627427815505,143.85958489487038,0.51151484,0.5283398,162
15011,chronos,few_shot,0.1,CAMELS-IND,0.796058266578112,0.8477264891705932,16.042038076517777,7.753566096100626,-7.2816406398440785,,0.8901116891935794,52.608727575578456,83.88933320222114,0.48147234,0.49888727,158
15012,chronos,few_shot,0.1,CAMELS-IND,0.7545983195848777,0.836851228837762,25.096030965733082,12.64664255295481,-8.14726378628199,0.00016729196712598343,0.8959042388009058,69.99393490756658,92.18928570548177,0.5743742,0.6137446,140
15013,chronos,few_shot,0.1,CAMELS-IND,0.5193359965083559,0.6891836878599972,37.35342251414834,11.564142010927405,-1.8043246008005653,,0.7229881628502496,151.21864513890884,260.73263879394926,0.7837686,0.8497018,146
15014,chronos,few_shot,0.1,CAMELS-IND,0.1432686824806777,0.4112824433727045,80.56815288615287,17.630057121776503,-14.5617231113034,-0.004558615069817126,0.724004838667498,337.94760883338296,626.8306483508037,0.8609915,0.7745269,162
15016,chronos,few_shot,0.1,CAMELS-IND,0.4038646226916337,0.705380114765042,131.72333767641692,41.06172567605972,-0.04837879958665941,-0.002622609847165225,0.8041464038185849,493.80599340930496,624.0380096435547,0.78856444,0.79949564,84
15017,chronos,few_shot,0.1,CAMELS-IND,0.6085537680302819,0.6107706239675785,95.97227177612284,30.87209547799209,13.6334352610721,,0.6222236783207236,354.16841158958385,258.5145655130193,0.70286506,0.91713595,145
15018,chronos,few_shot,0.1,CAMELS-IND,0.6465252489832793,0.8206162537932808,6.344609541823007,2.357440377021358,-3.3565859857117055,-0.001582397062737162,0.9247396981691683,19.112370845818152,11.536218689574193,0.59637105,0.5687197,137
15019,chronos,few_shot,0.1,CAMELS-IND,0.6947081821215363,0.7372842512747562,59.55768858314996,26.48650544219547,-12.572071203438913,-0.0015741884111963797,0.7897106057422371,203.93206517087862,362.3898933834063,0.6092859,0.5095952,144
15020,chronos,few_shot,0.1,CAMELS-IND,0.2250372199974725,0.5173049348232035,22.220378789311713,5.941636373475194,-10.753423694336716,0.0012788405059095745,0.8083737424338091,92.85507783840981,171.60866528051517,1.1182436,1.0820464,160
15021,chronos,few_shot,0.1,CAMELS-IND,0.6411007172085557,0.7441016141085028,104.23241640643181,42.69181972593069,-5.777945982816848,-0.001754899844733336,0.8355841573784174,394.8093965786207,761.498232471332,0.5278884,0.45831326,160
15022,chronos,few_shot,0.1,CAMELS-IND,0.9489059728913836,0.9051638718766024,13.194455400232377,6.645780166483814,-8.11615371991927,0.0025213338643008537,0.9081194495591312,28.53086330139633,41.439398924876905,0.56374055,0.55316025,161
15023,chronos,few_shot,0.1,CAMELS-IND,0.6839845910614413,0.78497917896231,83.90722814874812,29.652248082403094,0.7187306659688334,-0.0017008767045737366,0.8176890277969888,344.5789841559907,373.5012704915221,0.6509995,0.69669515,160
15024,chronos,few_shot,0.1,CAMELS-IND,0.630159718657989,0.5799272954673249,30.120662800907464,12.227419190999097,-21.696912206085607,-0.0004252324250670625,0.6226290093935134,101.76602903757541,148.80458575651707,0.67497957,0.59718966,159
15026,chronos,few_shot,0.1,CAMELS-IND,0.7830638891149219,0.8741978669975246,42.14042319185647,22.59029909649735,-1.155797800216321,-0.0022435938570192597,0.9427411532063498,144.93868926240907,208.59320932204494,0.41984358,0.39581627,159
15030,chronos,few_shot,0.1,CAMELS-IND,-0.3112819338231816,0.36843294783234104,41.391089767892204,12.21192276645714,6.228141979841019,-0.0037480729227910084,0.45329905580232677,169.82029415233308,131.27634123871533,0.66029626,0.86351943,142
15031,chronos,few_shot,0.1,CAMELS-IND,0.3870049126970374,0.5188152181750112,5.232834415538244,1.2032591973587592,-16.633729272385573,0.0031779341321683807,0.6855410669990033,21.618841210320078,41.88525315281999,0.79045963,0.7082669,161
15032,chronos,few_shot,0.1,CAMELS-IND,-0.21361901433061004,0.36747908901164905,80.98791294156611,23.49837070303101,11.074432770439874,0.0016291227637066225,0.43225816090123026,207.41031915151157,192.36847560434305,0.69741815,0.9601257,147
16001,chronos,few_shot,0.1,CAMELS-IND,0.7278727083490775,0.724172205782419,31.843364703331872,8.818584388135967,11.150215193301483,-0.014455779329680306,0.7364988883865833,131.86636365336815,134.82886898287822,0.6962457,0.670503,133
16004,chronos,few_shot,0.1,CAMELS-IND,0.47373225584889955,0.5629076298860448,56.80193112364701,17.119732076923054,-19.07762923295838,0.00040805128664837126,0.6811526741710741,202.36645162977302,277.6088328756514,0.63783616,0.497314,156
16007,chronos,few_shot,0.1,CAMELS-IND,-0.04744070226559116,0.5054825128634597,109.48306106667097,28.64422381844947,-8.31652568380637,-0.004850640087133332,0.8795099666556135,347.7208479954535,548.7174940064608,0.5931913,0.6239929,123
16012,chronos,few_shot,0.1,CAMELS-IND,0.48620674164185285,0.5036793593080329,104.24879213148029,26.150428532250224,-27.59224288610228,0.0015475819306784433,0.5992579028781545,449.0058040476678,767.932858330105,0.8444381,0.7768648,160
16014,chronos,few_shot,0.1,CAMELS-IND,0.48382318733353624,0.6578741772503465,53.08182106094213,17.392874209785166,3.3148727246483505,0.006139373094463413,0.6874185665727672,209.57110114552933,211.40666670529657,0.64677167,0.7115813,162
17001,chronos,few_shot,0.1,CAMELS-IND,0.7658643959719659,0.8414228045285681,1.9678674225571098,0.5797456703730859,1.3568974728747212,,0.8716729563738995,7.397931277432686,4.216561497783139,0.656182,0.66769695,128
17003,chronos,few_shot,0.1,CAMELS-IND,0.32202673447285846,-0.08112814465725005,177.10189700928308,18.078993730038125,-72.55204016842248,,-0.08110955152068078,747.8829764032722,1295.2735133440094,1.8109173,1.2076844,107
17005,chronos,few_shot,0.1,CAMELS-IND,0.6932524680184557,0.350607359814067,59.650415910648796,13.957477230827013,-46.503308861619296,,0.3557978595180855,238.98607520042782,338.4013011770399,1.0241729,0.8697844,105
17006,chronos,few_shot,0.1,CAMELS-IND,-0.1773993938399825,0.3510718861816995,383.0768555250461,60.547000221399045,34.78415692887106,0.00015573116042758885,0.6271868758154848,1247.0293350228733,2146.899242451385,1.6237775,1.2058747,161
17007,chronos,few_shot,0.1,CAMELS-IND,0.5817014748692146,0.15579471471553097,1.6066453907730502,0.2265891725126701,-58.19207965699712,,0.15580348220861906,6.386209540953861,10.757072499151901,0.6987832,0.82193106,158
17009,chronos,few_shot,0.1,CAMELS-IND,0.4928355890829741,0.2067008083470503,19.728655646920007,2.861402254355581,-50.379291748055515,,0.219237552662493,85.78234987180835,188.34312438964844,1.2682856,0.9176752,95
17011,chronos,few_shot,0.1,CAMELS-IND,0.44045201366192155,0.7155857268416451,32.89517044224261,9.38343368802997,-7.459134208862097,-0.0005576056978793958,0.9133279149001268,143.83342724956776,172.2570135571939,0.66453654,0.791546,139
17012,chronos,few_shot,0.1,CAMELS-IND,0.323084712880796,0.03024550107753321,63.452179612388946,9.893657264282119,-64.04103566679412,,0.0977154756923242,266.6362046940825,439.1090931942264,1.4251941,1.586548,106
17015,chronos,few_shot,0.1,CAMELS-IND,0.6270432816259319,0.4982176190659402,2.6181134421378536,0.42235534573778694,-31.61732915855434,,0.5360613992951677,2.6181134421378536,19.88717186140395,1.2912387,1.066755,162
17019,chronos,few_shot,0.1,CAMELS-IND,0.7886335887948751,0.8734670640234861,7.82674487919019,4.144780146691107,-4.084309048025754,-0.0007187113508100584,0.9355382614970216,25.643309489568335,31.477850149581133,0.47626013,0.43485525,155
17022,chronos,few_shot,0.1,CAMELS-IND,0.12979391686065622,0.222587611991383,29.24527742951238,7.3919542727417475,-33.886283817721285,-0.003926338793080589,0.4814395685107704,111.10910015416391,181.53089724390782,1.1716505,0.95672566,107
17024,chronos,few_shot,0.1,CAMELS-IND,0.2509030716613744,0.16508580850654297,45.69781932821012,9.478604004296818,-52.20046738373872,,0.31717096183791815,198.8247613287786,333.2308578491211,1.2608988,1.504375,95
3002,chronos,few_shot,0.1,CAMELS-IND,-0.7698670409419186,-0.1882149900325989,52.533685608601324,18.105287551879883,59.99464657159889,,-0.17881199028678796,208.81394907814513,263.59266662597656,0.767841,1.2906773,59
3005,chronos,few_shot,0.1,CAMELS-IND,0.5434912984168343,0.7068385599005906,802.3273466241264,205.9128817183736,-10.652168385909258,0.002034731650469551,0.8452018047864854,3349.9674339384205,5046.57859400246,1.0317417,0.92411953,162
3008,chronos,few_shot,0.1,CAMELS-IND,0.2992776580836657,0.41552404516905306,671.6133897268561,128.72507547633148,-12.741422804754196,-0.0019926185600295625,0.5755331286707545,2789.947596022579,5126.412586583125,1.194209,1.0501965,162
3009,chronos,few_shot,0.1,CAMELS-IND,0.6891714735928907,0.5416148571904538,0.5159113208844397,0.08926497766937035,40.41524529569662,,0.5520873698985884,0.3869531960089863,0.0033321380615234375,1.0249344,1.2407112,69
3013,chronos,few_shot,0.1,CAMELS-IND,0.18006100704838246,0.5434070170273371,42.37152189496136,7.949299625040572,7.7807001175983475,0.00041558394332021076,0.6108380259730484,167.71577556173932,9.844093599571753,0.9406742,1.1550997,162
3014,chronos,few_shot,0.1,CAMELS-IND,-0.061115529825019665,-0.2678778222324498,80.006993099847,11.02242519384549,-36.65053497655158,-0.0006910245450142197,0.16047867500734847,334.19790579352514,697.0387072571851,1.1345315,0.72223544,162
3017,chronos,few_shot,0.1,CAMELS-IND,-0.10891565265892522,-0.29041842502266224,28.552695555694402,7.047137834131718,-38.94998502520012,,0.1533805292189525,120.7265084735479,207.85000610351562,1.5390011,1.3591552,58
3018,chronos,few_shot,0.1,CAMELS-IND,0.7428390058415939,0.7560737967147875,225.27386178106855,73.02084851626194,-14.069082902025148,-0.003216429094283227,0.7959886784860126,794.4285492461154,296.8271484375,0.68809056,0.79747015,66
3019,chronos,few_shot,0.1,CAMELS-IND,0.5811838738228856,0.7728430394188428,2.614183653600956,0.8147959376240635,-7.0765079415439525,,0.8560676611153112,8.45261076523595,1.5858034691557097,0.81470716,1.019734,111
3020,chronos,few_shot,0.1,CAMELS-IND,0.291185940615144,0.4601026238034589,47.46454017163792,7.534004783630371,-9.129830207588684,,0.6702306757660015,47.46454017163792,331.77850341796875,1.4126811,0.87460965,80
3024,chronos,few_shot,0.1,CAMELS-IND,0.8671176657537003,0.6754418268272504,0.09918570325123119,0.018698741250963352,12.807773595904344,,0.6754418268272506,0.4059349855187917,0.6910645961761475,1.6720867,1.8967245,67
3028,chronos,few_shot,0.1,CAMELS-IND,0.33973009046032,0.34494714642672275,325.40300225208773,49.558180187863336,-21.6004208488719,-0.0023790484459699085,0.4775323153063503,1303.660194393262,2752.4664534142585,1.2596325,1.0487674,162
3029,chronos,few_shot,0.1,CAMELS-IND,0.2347660635649904,0.4532306186457602,69.68807276812902,19.89930346392203,-34.2878851777585,,0.627987279615651,250.75728259422598,367.29998779296875,0.77893096,1.6741916,69
3030,chronos,few_shot,0.1,CAMELS-IND,-0.2578305012085942,0.07277009385802113,114.42794055801492,25.295724416772526,-41.020045327429656,0.004936166202060881,0.5147374789408752,482.564444003213,796.0512512895663,1.0922465,1.4147261,162
3031,chronos,few_shot,0.1,CAMELS-IND,0.6519835625706891,0.7883574866981045,61.53191441145201,29.682516657787822,-12.762690294488861,,0.8672649416759399,111.24338718926495,201.37374877929688,0.75025433,0.822554,92
3038,chronos,few_shot,0.1,CAMELS-IND,-0.12779654843515598,-0.2661388296157985,51.18747216330867,7.231021939916948,-55.904687062692474,,0.17464041748455617,222.00688424622604,361.53113469767095,1.8174117,1.8579781,113
3040,chronos,few_shot,0.1,CAMELS-IND,0.32262033620707453,0.655354305049463,28.602633153246412,7.03228152975624,-8.822463744597952,-0.0016112648049814854,0.8943364709138586,78.11952533902945,127.93960923278895,0.7088166,0.73918116,162
3043,chronos,few_shot,0.1,CAMELS-IND,0.7421692600971945,0.8354676684730209,2619.711900198386,620.1874156763524,1.102481140166475,0.004803565375632611,0.8751603006791131,10862.663779283015,7091.1854591445035,0.6752779,0.73371553,162
3045,chronos,few_shot,0.1,CAMELS-IND,0.7242751235468745,0.8486144492218374,160.95256274147164,82.4446468600979,6.170784484863508,0.0032321466319219887,0.9161033749295743,325.1789421984704,251.36962890625,0.38639772,0.31286392,77
3047,chronos,few_shot,0.1,CAMELS-IND,0.06638136729908306,0.28944553305150944,0.17875429652956426,0.13033819198608398,9.23258411868639,,,0.008006453514099121,0.008006453514099121,0.13962264,0.037767302,2
3048,chronos,few_shot,0.1,CAMELS-IND,-0.07610176806067126,0.5001581472241287,155.30460739392564,44.21330059071382,5.383064287267304,0.0008541181806394071,0.64490520100507,646.0845137995815,618.1012956089443,0.8706458,1.0917026,162
3055,chronos,few_shot,0.1,CAMELS-IND,0.3563071496928676,0.0482173564499605,814.3541228720956,117.99435199045502,-60.3767034579293,0.0007300919950239196,0.0801607280091573,3533.6832649216003,5869.17415060341,0.9276705,0.7185009,113
3056,chronos,few_shot,0.1,CAMELS-IND,-0.09694338593365504,0.43453301482784235,16.581781087520323,4.139298478827665,-18.177079077959696,,0.8150147664123889,67.33909801979904,109.50747223476677,0.97303766,0.8859472,152
3057,chronos,few_shot,0.1,CAMELS-IND,0.9961911241869749,0.9842682862354847,94.41480903461671,44.197395181655885,-1.3308744162598223,0.00039817600385329624,0.9843504345141602,225.74373361084793,357.87912112527,0.3149737,0.32214534,160
3064,chronos,few_shot,0.1,CAMELS-IND,0.5169811592021936,0.7309880945412146,31.415013247427662,7.427104904310508,-11.479442898424102,0.0004104601851782977,0.8763269513938521,138.04534528591796,185.41548069896876,1.0998418,1.0636463,159
3068,chronos,few_shot,0.1,CAMELS-IND,0.6465444376840015,0.23620565465705,418.219908098994,57.38769589299741,-48.62222759780776,0.0064793395334246315,0.23620644398225188,1736.4183028776858,3470.89990234375,1.7460346,1.4091595,69
3069,chronos,few_shot,0.1,CAMELS-IND,-0.5852945119850017,0.10258366041175904,124.26338702288392,84.0564018090566,11.193228066226366,,,211.38468170166016,211.38468170166016,1.4197998,0.82760966,6
3071,chronos,few_shot,0.1,CAMELS-IND,0.2920372285177715,-0.08078317339866437,28042.226641296747,3875.5105452444946,-71.75347249391623,0.0071037961353020845,-0.07013407677986816,116186.11946731538,201239.76652805143,1.6241941,0.7793207,103
3073,chronos,few_shot,0.1,CAMELS-IND,0.911905397783729,0.9523607394247989,781.2609879471618,246.41583666902906,0.8822721239787861,-0.0012335283616176085,0.9778877301609062,2621.778443064422,1422.0427990124917,0.78067297,0.79877913,141
3074,chronos,few_shot,0.1,CAMELS-IND,0.3240321704863318,0.5363405103927188,26.035487030413755,12.715153662970772,-13.435583476065787,0.004204711116946827,0.7516484137258145,87.90630821044681,99.30710411071777,0.67716044,0.6279645,27
3075,chronos,few_shot,0.1,CAMELS-IND,0.5804051832101412,0.5378339584380634,2251.922977037831,556.890890367988,17.0091648282502,0.002458122660032633,0.5432343277038236,9532.343817755725,2976.26902912502,0.75441194,0.92262405,147
3076,chronos,few_shot,0.1,CAMELS-IND,-0.13783025248617586,0.4853379177459338,47.149009349761876,34.42572291692098,-6.263447780412183,0.004916814211426599,0.6246398805558274,60.55906071912937,51.53572082519531,0.21099123,0.47000435,24
3079,chronos,few_shot,0.1,CAMELS-IND,-0.25153368808978804,-0.560346193026638,79.1625262668424,36.54154704167293,-88.70850253609255,,-0.245863072248252,233.42999267578125,233.42999267578125,1.7996726,1.0577949,13
3081,chronos,few_shot,0.1,CAMELS-IND,-0.09497181633116525,0.3132336980232009,200.98675907078345,46.34001208771322,-17.066652050093108,-1.2922122595709906e-05,0.7564380437288475,695.2648663891582,1343.8094570924093,1.2052139,1.2031553,148
3082,chronos,few_shot,0.1,CAMELS-IND,0.10028011541108162,-0.05906271009554209,92.40058427270472,17.16501007879437,-56.21290791193922,,0.168566584087824,407.72235229999313,681.5002916517082,1.2944604,1.297159,118
3083,chronos,few_shot,0.1,CAMELS-IND,-0.20865586534254676,0.46863560325818165,34.99633524322623,8.995116758084148,8.327782065943246,0.002957190541656274,0.6794523220242186,120.72416097091596,165.45714923085816,0.8344634,1.1492983,159
3087,chronos,few_shot,0.1,CAMELS-IND,0.22363239502890275,0.43045704025194986,414.16773089846885,103.47550561715816,27.108555290554914,0.000779751204168927,0.45869879013080406,1279.350644663471,1347.4684555885926,0.8717517,1.0156276,116
3089,chronos,few_shot,0.1,CAMELS-IND,-1.16863065742774,0.1365447236937719,76.0166914147003,17.4628087636866,17.16878194493607,,0.6369562151029524,327.7353619383296,368.7498636624546,1.4496773,1.6595203,119
3092,chronos,few_shot,0.1,CAMELS-IND,-0.5973402896045306,0.030479413784191278,186.76012768866224,50.4825163378435,10.00886269574925,0.004106164614174075,0.03486249415390119,754.6965678589098,1481.205322265625,0.4735024,0.7005791,68
3094,chronos,few_shot,0.1,CAMELS-IND,0.0898946205706953,0.07667027518676583,197.78236647593428,40.3751296353193,-35.93728809860706,-0.003297348592810369,0.35079782097914347,804.4258521022462,1545.1000005304459,1.267184,1.0286041,162
3098,chronos,few_shot,0.1,CAMELS-IND,0.9719092869126225,0.9631443256618012,1.5028625425383528,0.5622714161872864,1.9694550079077278,-0.00021121477469287359,0.9640095333582777,0.13510748749448498,0.1909923553466797,0.53227484,0.5179559,22
3099,chronos,few_shot,0.1,CAMELS-IND,-0.9974372687864799,0.20964472208953566,97.13375231310205,35.10906184929004,20.819367033889165,,0.4940462886729432,231.94136804889982,302.37850761413574,1.0763128,1.1285762,69
3103,chronos,few_shot,0.1,CAMELS-IND,0.9158428670771166,0.9098345406916417,418.16875548915027,142.1705803458146,-5.6350810584070885,0.002628605461752767,0.9193500863630376,1202.2912884111724,1783.530067867624,0.66163224,0.683014,127
3105,chronos,few_shot,0.1,CAMELS-IND,0.5704250292383715,0.603671860821557,53.52624632737784,17.852906979620457,13.160548420906597,0.00766682799382544,0.6178292594619814,209.81522682373281,55.6495361328125,1.0167761,1.0302484,80
3107,chronos,few_shot,0.1,CAMELS-IND,0.5371756410122893,0.42432127445860524,59.650713886761196,13.498672224153749,-37.29711341844301,,0.48045207240377064,247.31425548494732,417.0985337951573,1.3809701,1.1420388,122
3109,chronos,few_shot,0.1,CAMELS-IND,0.3990800831373392,0.13066296287302148,452.67182151419183,165.30042653843975,-64.79603756609502,,0.16971888521800593,1272.8344094088586,1398.9918212890625,1.0534,0.99926907,69
3110,chronos,few_shot,0.1,CAMELS-IND,0.28993994424694003,0.10311964752495928,193.0259622940547,77.35938826799392,-49.12065528283525,,0.13624258401162548,578.4989776611328,578.4989776611328,1.9561138,1.0457932,10
4003,chronos,few_shot,0.1,CAMELS-IND,0.5849373442220053,0.7235068950635817,319.8625673296212,77.90500989252207,-7.270210785055566,,0.8296348555725632,1065.1487311910203,2277.4752197265625,1.0909128,1.2502799,98
4004,chronos,few_shot,0.1,CAMELS-IND,0.3377970515079537,0.48376512553143824,112.48417063188161,22.060149860441868,-0.14888267315384926,,0.4955059143257571,473.54772552088997,891.4004801792519,1.2089099,1.6088336,162
4005,chronos,few_shot,0.1,CAMELS-IND,0.3740340606233654,0.6851997284365436,18.29660073463309,3.26032237066486,-7.401279881751074,,0.9200466550091426,76.49104286966538,139.93358625495947,0.962465,0.9709821,123
4006,chronos,few_shot,0.1,CAMELS-IND,-0.04301016215250142,-0.6170367888185673,993.398202866283,212.40892460413517,-89.44867309925823,,-0.30950840479055053,3904.588651709592,5493.452928543091,1.8187692,1.2647957,31
4007,chronos,few_shot,0.1,CAMELS-IND,0.22176689527150473,0.6025009598359337,42.10312789277918,8.999828813970089,6.426041804334055,,0.709193168175376,185.73027668460483,161.53701055450315,0.67902905,0.71881455,160
4012,chronos,few_shot,0.1,CAMELS-IND,0.4978308914344335,0.42463526743437996,8.508659261246237,1.5149682296646967,-25.15429795875993,,0.4764459817172414,35.9070079512805,68.14808059080107,1.1692199,0.81316507,162
4013,chronos,few_shot,0.1,CAMELS-IND,0.5105302037735913,0.5344112441394364,1666.147940049934,268.0754684279947,-22.108231334635807,,0.6301635872085215,7273.913295219536,13950.621538791715,0.7208464,0.44573364,153
4015,chronos,few_shot,0.1,CAMELS-IND,0.6277471291217465,0.7428628719178377,15.391483896904642,6.259690086796598,-5.704951481981398,-4.433767151826133e-05,0.8396897061322168,58.13627104558555,107.36212963628991,0.46448544,0.4305127,159
4016,chronos,few_shot,0.1,CAMELS-IND,0.8523371318755072,0.7648706221476165,150.40897144818257,62.09988682358353,-14.954624724561222,-0.008740783680924881,0.7742071864325625,528.3374596406247,529.7216538176513,0.82541573,0.6505813,162
4017,chronos,few_shot,0.1,CAMELS-IND,0.45661377624181776,0.3472636972669878,462.3250202725289,89.91341059020958,-35.76514333010194,-0.001981194269202964,0.419131590144314,1942.217427961426,3803.786771810203,1.2637875,0.94544387,161
4018,chronos,few_shot,0.1,CAMELS-IND,0.06221268452855955,-0.30417536897464803,51.477326703520426,5.925871221176176,-79.89388608259624,,-0.25140073989540257,218.378469740888,461.83305003503375,1.7205678,0.79344636,162
4021,chronos,few_shot,0.1,CAMELS-IND,0.19860133421443538,0.5192574306368412,157.11962918224796,35.59201966291703,-15.662278777224047,,0.8066136440013468,583.2901917200835,876.3532180118459,1.1604822,1.210533,159
4022,chronos,few_shot,0.1,CAMELS-IND,0.42892826092328284,0.2610954390947712,112.09124809767391,16.637321323800233,-33.11310207172391,,0.2776769603844803,473.9769864482289,981.5003355817067,1.2260703,0.8503946,162
4023,chronos,few_shot,0.1,CAMELS-IND,-0.36953719277039654,0.24376450354411894,6.202852476594975,1.1250955824214381,5.261629312365906,,0.8194413940190525,23.91199450118959,40.677684088815774,1.2524121,1.4252771,147
4024,chronos,few_shot,0.1,CAMELS-IND,0.5444472669213578,0.06182317449804653,0.3083589628721992,0.03579905183453645,-67.5746412563212,,0.06261790080257401,0.3083589628721992,2.6965277887412036,1.41133,1.5210695,154
4025,chronos,few_shot,0.1,CAMELS-IND,0.6337073832410902,0.7519516980741764,18.16823433739845,3.5740047035930314,9.732702205688678,,0.7915377167567976,70.94024310359603,120.22945422690381,0.98099285,0.9891036,107
4026,chronos,few_shot,0.1,CAMELS-IND,0.773358023198182,0.8528227587535893,250.38510524346495,69.0558301843243,-0.9109653165320579,,0.9144259183861841,947.8986987960262,1643.0918899757426,0.94176763,1.0112867,162
4028,chronos,few_shot,0.1,CAMELS-IND,0.47258407498870825,0.355986565037986,14.273135656275528,3.8294926252942414,-35.085140365376404,,0.4171916777096508,60.610042074829344,101.69917847621718,1.2086449,0.98632634,159
4030,chronos,few_shot,0.1,CAMELS-IND,0.6532604827501161,0.8223479989839206,44.02991695878375,10.884113537308611,4.337218174715237,0.0005203572521124758,0.9056649259349532,140.73900017856184,190.097538103977,0.94397026,1.1783081,162
4031,chronos,few_shot,0.1,CAMELS-IND,-1.0396300005177954,-0.2084316583551633,148.71904666478642,24.135396036100975,36.16073847458442,,-0.2015372829863502,592.3005654683878,1250.4268392978977,0.88732094,1.0917869,162
4032,chronos,few_shot,0.1,CAMELS-IND,0.41856446203325104,0.20868508151156495,651.836204039757,109.43240842783669,-51.300769340817325,,0.272339402624973,2770.5503848858266,4548.803457817301,0.6233691,0.54002637,109
4038,chronos,few_shot,0.1,CAMELS-IND,0.13868547936652964,0.5533164702840219,123.3384328695574,25.87708812289768,-13.380268517690103,,0.8643050886980189,515.3506559533689,921.607918110008,1.2500787,1.4149178,162
4040,chronos,few_shot,0.1,CAMELS-IND,0.8082475348699208,0.8663663026458764,24.736089504721342,11.00872968118402,-2.007688052669623,-0.002851249236698848,0.911938514568884,89.12168742805665,124.51387023925781,0.47068748,0.45648715,79
4041,chronos,few_shot,0.1,CAMELS-IND,0.70137306606292,0.8503098491309158,1.5688516491720776,0.3551589214356146,1.7896624147759197,,0.951722496369157,6.316548875871281,5.071240931705037,0.8835287,0.8603561,107
4044,chronos,few_shot,0.1,CAMELS-IND,0.1893121267331015,0.11839923368879712,239.49058415752995,64.84249984993124,-48.3576937505942,,0.28248329481477497,949.6664373974952,1629.8152465820312,1.2683669,1.2676096,53
4047,chronos,few_shot,0.1,CAMELS-IND,0.6504492657651131,0.2160176564551638,2678.703439971539,561.0273245297946,-52.82868361319093,-0.010764825963300216,0.21601778265554872,9655.646433330448,13655.0849609375,1.8632325,1.7498591,26
4048,chronos,few_shot,0.1,CAMELS-IND,0.8452790193495612,0.8571842291259335,70.83378316233396,26.198931044340135,-0.4587928020158221,,0.8667423054893378,260.16038375128767,32.3330078125,0.94518924,1.1587112,80
4049,chronos,few_shot,0.1,CAMELS-IND,0.5314003046082221,0.3592914907910092,36.24449956357624,9.88264783859253,30.90169040782379,,0.3603483111559067,143.86962978102085,52.14503479003906,0.9211278,1.2068908,50
4050,chronos,few_shot,0.1,CAMELS-IND,0.5341638260264763,0.4211508826277055,3576.929492856089,763.9521113537453,-33.50015697049241,-0.011150983855477803,0.47508930571931696,15291.215873169052,24655.582863724005,0.61768776,0.42416167,111
4051,chronos,few_shot,0.1,CAMELS-IND,0.7708742816400325,0.5860451678530968,0.4128316271914833,0.07096952217182627,-16.92241863580811,,0.5915707774836103,1.6223179919256554,3.3031491004637346,1.762971,1.6156595,162
4054,chronos,few_shot,0.1,CAMELS-IND,-0.06135421887372727,0.4878581703296554,146.40068387323507,30.780275509681232,-16.365124423171274,,0.796227391740221,382.8758349255516,590.0859313956513,0.9633872,1.8602117,162
4055,chronos,few_shot,0.1,CAMELS-IND,-0.8169316673520841,0.2773628295911704,22.2724399235976,8.504258131980896,9.302433215371781,,0.5164502406806969,37.661313266959546,22.50859832763672,1.6026853,1.8789873,25
4056,chronos,few_shot,0.1,CAMELS-IND,0.9801143888402514,0.9383399472042814,42.77943722377716,21.581565245603905,-5.865087698770643,,0.9388454711052585,48.266919883504194,3.3634033203125,0.8237602,0.85801643,39
4057,chronos,few_shot,0.1,CAMELS-IND,-0.4273692348082234,0.23038434782042394,44.725593325145454,12.500817436476549,31.561424796618542,,0.2952125399284836,161.64566997992029,131.57433131248737,0.78034127,0.925723,120
4061,chronos,few_shot,0.1,CAMELS-IND,0.20741549499287404,0.34354031228620907,64.29765507729007,11.105301547933507,-27.101863713331632,,0.578348767010497,267.8588134257942,528.7828593243541,1.1060687,1.273202,162
4062,chronos,few_shot,0.1,CAMELS-IND,0.7101556538178129,0.8458239301453058,51.318699788463285,24.15879921440357,-1.5569187111732452,-0.002986617917077883,0.9189826368130639,103.32169959083554,92.76714262106829,0.6632717,0.7076893,162
4063,chronos,few_shot,0.1,CAMELS-IND,0.3618614977687452,0.5726036461996176,152.01837681201746,36.37674913233445,-16.191929361503426,,0.7736439413895624,571.0224115711825,787.9079110221686,1.2547759,1.2371043,162
4064,chronos,few_shot,0.1,CAMELS-IND,0.3122057287496338,0.49358393785092947,238.30999484160995,51.081962523636996,-21.474185901330724,,0.6971696422286677,819.5907737872042,1545.614717637501,0.9421057,1.1563306,162
5001,chronos,few_shot,0.1,CAMELS-IND,0.8646690479411643,0.8788680498820857,10.813566557758083,5.085481742538255,-7.503858135595048,0.012370280883846993,0.900234583097948,30.20750997171476,7.579224729286752,0.8705804,0.85207355,145
5002,chronos,few_shot,0.1,CAMELS-IND,0.8315963531946436,0.787230959919045,60.87216269914221,22.731671426031326,-9.721681935276495,0.0018997165122589324,0.8031315222545511,242.16295976526968,237.26794248917815,0.6918621,0.57174855,162
5004,chronos,few_shot,0.1,CAMELS-IND,0.8159117423191383,0.8911782061919382,8.9552209391685,3.194165808833995,-1.8690830016827007,0.0033612252708512674,0.930694221711317,13.184918012510185,3.2243881822530764,0.7337155,0.74699897,106
5005,chronos,few_shot,0.1,CAMELS-IND,0.723821167894115,0.8338854567902059,1.0010718943148127,0.23307995311915874,5.188540897902499,,0.8819903646741717,4.120988486576673,5.63336075280019,0.6791962,0.5311302,140
5007,chronos,few_shot,0.1,CAMELS-IND,0.7913702364506927,0.8652915118858133,8.085064339306525,2.17424704079501,-2.8651572648584698,,0.8995122278332331,31.642209588240537,29.536934395531134,1.4061552,1.4540443,122
5008,chronos,few_shot,0.1,CAMELS-IND,0.8579198442666891,0.9262692837274311,61.959627067392674,32.90553074917256,-1.6492126714631783,-0.009133228310496025,0.9816990928408176,96.84515103299996,63.63948190713455,0.513903,0.5770886,151
5010,chronos,few_shot,0.1,CAMELS-IND,0.7679451339291026,0.8802384770560528,55.54454553157665,19.56607593753323,-2.7119024610367592,0.001169731445932215,0.9492760591663794,216.69222389400457,199.27138580300405,0.54970145,0.5921553,161
5012,chronos,few_shot,0.1,CAMELS-IND,0.36333235042853185,0.3775496133851579,105.9560855754374,44.064986131607725,33.0764480976518,-0.005000897235249657,0.38452751241456495,39.36794957394279,38.391937255859375,0.54282653,0.77038556,39
5013,chronos,few_shot,0.1,CAMELS-IND,0.7837618143464242,0.8628119874418025,40.402006188908686,12.467637694268316,-4.154585569682758,-0.0035383435830925944,0.9216126058634548,159.53039323281598,321.3393678019856,0.7621461,0.7103406,162
5014,chronos,few_shot,0.1,CAMELS-IND,0.2997337998418155,0.032310047263683916,55.21849910073431,8.328875986191461,-56.89454617726197,,0.08238227831568479,230.8668113694682,396.8637062660688,1.4704337,1.5020208,106
5015,chronos,few_shot,0.1,CAMELS-IND,0.07128620313334877,0.5245666305616221,79.16436005213588,42.17948669765307,-15.934123412305913,-0.011241397745046405,0.8310998173138828,152.17807568691362,165.12768267360815,1.2770538,1.4155128,115
5017,chronos,few_shot,0.1,CAMELS-IND,0.44719951033471994,0.6508589773162408,32.3363977381583,9.31545196758744,-13.514740588364122,0.0006961572271812558,0.821669632316567,132.31703177191503,165.07180519231102,0.7535588,0.7427318,162
5018,chronos,few_shot,0.1,CAMELS-IND,-6.845993061356534,-1.0850528935630144,18.968794295364496,3.709961083936103,8.94595174066927,-0.002697964476684779,-1.030647918971896,6.551541971567167,10.65526107460236,0.3811593,0.60732657,162
5021,chronos,few_shot,0.1,CAMELS-IND,0.7952883614633202,0.6740778315353548,6.559036465231382,2.1363433845317323,-6.068775537995667,-0.0009783792702863399,0.6832006148033802,25.567887091975148,50.62964738600734,0.59699774,0.5266036,156
5022,chronos,few_shot,0.1,CAMELS-IND,-0.27965994161709906,0.4288388303600633,6.4306407734580775,2.7674933145811527,-7.875828149264329,0.0024636785060246115,0.8034080030748746,16.466498871958763,26.98466766278787,0.50772804,0.40813783,162
5023,chronos,few_shot,0.1,CAMELS-IND,0.7848941316882092,0.8742060901858791,0.23989292666246936,0.06669865598952449,-2.3475105953311233,,0.9422938820310774,0.8857056312912799,1.329392391832159,0.47001988,0.47688803,148
5024,chronos,few_shot,0.1,CAMELS-IND,-0.20412035674913298,0.3177063485723759,5.112976905263965,1.1694722918712575,-0.3194933780417717,-0.0015676921867876226,0.3257380817309766,22.235692383354703,36.73910916542639,0.54191697,0.6900153,115
5025,chronos,few_shot,0.1,CAMELS-IND,0.37077120592695334,0.49916640602006956,0.28958247893067607,0.06827172865064776,-17.02704855539158,,0.6702247836832175,1.071340623003932,2.023222729563713,1.0802603,1.4136744,98
5027,chronos,few_shot,0.1,CAMELS-IND,-0.4290732043284229,0.38651687472959684,24.795360892093367,8.775767093747854,6.2159542762377775,,0.5633751950309267,55.29970708650833,71.8112564086914,0.7805258,1.0611087,100
5028,chronos,few_shot,0.1,CAMELS-IND,-0.3944087179519544,0.27871106143373026,62.848222650690076,12.54935042736894,11.471606636685417,0.0053303406158744515,0.3105973927765405,22.158474878323787,3.8538334928558435,0.5610958,0.7251335,118
5029,chronos,few_shot,0.1,CAMELS-IND,0.8291894096500061,0.8979789925532622,70.66713489051345,31.063515648009286,-5.503552627499227,-3.9109364956442516e-05,0.9436111870862041,216.4551433298542,396.45126973908725,0.55262697,0.5373345,126
6001,chronos,few_shot,0.1,CAMELS-IND,0.47627100806746736,0.7398661602636434,194.63810661811564,49.00788925459356,-1.0250513894236837,0.0007003968133484778,0.9329172534829984,494.92416015382577,826.6773065196106,0.99487156,1.1503336,162
6006,chronos,few_shot,0.1,CAMELS-IND,0.33416625387816934,0.3067228366446879,425.59223355747287,72.6692349693992,-32.88967048428189,0.0009797909031088719,0.42947239273190696,1778.8239593224368,3891.4258041381836,0.8923799,0.67806524,88
6007,chronos,few_shot,0.1,CAMELS-IND,0.7516839787246372,0.7847506541873426,89.43401127970232,23.34889038256657,-8.875428052263354,0.0015349595101361718,0.8283081258581352,362.4685930845777,679.7690698512863,0.361398,0.2632462,162
6008,chronos,few_shot,0.1,CAMELS-IND,0.7393491915648603,0.532839280196677,252.03812207329364,70.62399700554934,-27.283387429625144,0.0017794548615747002,0.5411985269025033,1036.470587942253,1296.905029296875,0.6742386,0.69652486,88
7001,chronos,few_shot,0.1,CAMELS-IND,0.12495039373334005,0.2932177885981133,33.48589784407032,7.918110531053426,-28.70351680160603,-0.011119910319293838,0.5574343776384454,132.4185538894041,202.35645689451982,0.7578018,0.66999835,162
7002,chronos,few_shot,0.1,CAMELS-IND,0.9121070137499467,0.9184163163046976,70.72416528244902,20.55359446708067,-3.1067526218091404,0.002043994377387462,0.9246544432832517,288.97130231165886,504.01485060914894,0.81285584,0.8326909,162
7005,chronos,few_shot,0.1,CAMELS-IND,-0.3281251117299151,0.4354781333361437,55.282530888816346,10.166721153774379,-1.426338986643806,-0.0009035865069242782,0.6633492785079134,88.29749511854868,175.0987451532598,0.53339344,0.64546883,162
7007,chronos,few_shot,0.1,CAMELS-IND,0.37782096140257604,0.5259941333935174,488.21382330078677,112.50769181310395,11.404057226494137,-0.003938973616383089,0.5485003623047622,2024.6410885160067,1436.5702139990346,0.7434869,0.94318384,162
7008,chronos,few_shot,0.1,CAMELS-IND,0.31445601200309725,0.2683081064561951,331.796620241168,56.31132383773356,-26.931584090072448,-7.231857071690606e-05,0.37219911858260746,1399.2728282375097,2827.5079235117737,0.942121,0.67122203,162
7009,chronos,few_shot,0.1,CAMELS-IND,0.15980217921765716,0.561435186619843,513.5323281307752,135.9779852172475,-1.1577393891842689,0.004401356791125001,0.6284806446808874,2145.5201273931852,3785.406578128005,0.51069295,0.6347887,162
7011,chronos,few_shot,0.1,CAMELS-IND,0.49393910444185307,0.735165126079106,363.10076662518634,103.22888489122744,1.9059657342813583,-0.000773329853750386,0.8317587189093611,1227.2427566267554,934.6515268688072,0.722092,0.8506578,162
7015,chronos,few_shot,0.1,CAMELS-IND,0.10839640928417815,0.5352212544268564,64.726609424087,20.211657550588342,3.7014634540301836,-0.002771505166145702,0.6120376713281759,161.08629378954467,265.00543292223017,0.56928706,0.69847,162
8001,chronos,few_shot,0.1,CAMELS-IND,0.41803676588576877,0.6787037679952994,11.49509532969662,2.4137252829509017,-3.715716507998514,0.0034680775681959833,0.9102061399195405,48.548769290372704,64.15314703301257,1.0697192,1.2417408,162
8003,chronos,few_shot,0.1,CAMELS-IND,0.1376748945658005,0.5004149036926757,87.96449449618505,18.894145599853847,7.304273337574529,0.0028477938700550987,0.55646428478823,369.9650976140524,716.622164561453,0.7311629,0.8909073,162
8005,chronos,few_shot,0.1,CAMELS-IND,0.1970142614570961,-0.0017250372269601577,72.52099452878095,11.928174443818905,-50.27314600626064,,0.10997085034278209,304.6246500589388,625.4766569831971,1.1274208,0.935809,162
8006,chronos,few_shot,0.1,CAMELS-IND,-1.2811808038787125,-0.13695378224169907,976.0828515123554,193.26626893500855,32.85160255553665,0.0036700441304442777,-0.10579891574549949,4130.677346941625,2379.9783642738935,0.88049304,1.171441,162
8009,chronos,few_shot,0.1,CAMELS-IND,0.3622358921929858,0.42981120679875906,80.73095841070212,17.30348192394342,-29.17772640012898,,0.5793205428435604,320.7332458487561,461.37862897649615,1.5817703,1.4695487,159
8011,chronos,few_shot,0.1,CAMELS-IND,-0.07691333381467214,0.305249347376814,351.4186252681495,62.51600062736758,19.099097581659155,-0.012199541255995192,0.33178212724161127,1483.6751109105346,781.9965336166878,1.0771121,1.2653006,162
8013,chronos,few_shot,0.1,CAMELS-IND,0.027880368486967844,0.4672941604125198,418.29269173684094,82.80188838935193,0.6527781433992772,0.0003019581299389465,0.5202653432047926,1741.357123358529,578.2491504809423,0.70645076,0.81251204,162
8016,chronos,few_shot,0.1,CAMELS-IND,0.29297399519979805,0.5561640219202334,301.5865957211082,72.40113072925143,-14.026271177200783,-0.004140484916027677,0.8006687140921848,1041.4915446873572,2121.499206390397,0.7190367,0.6943849,162
8020,chronos,few_shot,0.1,CAMELS-IND,0.6886690267719422,0.6562548989418853,79.19950464444764,20.220013747980566,-23.226682338755833,,0.6991310465961316,319.2332172367498,500.76484704281745,1.162585,0.9734257,162
8021,chronos,few_shot,0.1,CAMELS-IND,-0.2496815582149683,0.35208072350222175,158.4299971656512,42.70426021281768,28.658554737139575,0.003012458496011103,0.45110817118654756,371.7491698573408,483.5885402565623,0.75429094,0.9742662,162
8023,chronos,few_shot,0.1,CAMELS-IND,0.36398959368767214,0.4373326719711972,19.063173856902388,4.112794766636015,-11.349111941552344,-0.0024614326771472544,0.559441976904391,82.19691472761414,151.545920486651,0.86891043,0.7253524,159
8028,chronos,few_shot,0.1,CAMELS-IND,0.41306411795695064,0.49541642910604855,50.365729745939596,11.891238627610383,26.163986563902274,,0.514070096082841,205.56362978590863,54.119270384579885,1.2613953,1.5015694,162
8029,chronos,few_shot,0.1,CAMELS-IND,0.16535708777925984,0.0386601217835304,137.30000233906205,38.98094035428146,-55.06994625687924,,0.2120894834768946,576.7280303214078,799.3636017443825,1.1574252,1.1371313,116
8030,chronos,few_shot,0.1,CAMELS-IND,-0.11039285823665179,0.4684228155823037,43.32352336616444,12.291576943535736,2.8369326318502943,,0.5705961462586363,74.58210842573513,36.89840941084929,0.97964066,1.2879668,138
8031,chronos,few_shot,0.1,CAMELS-IND,-2.553821420049781,-0.36045694183563093,106.86350758715233,18.943254739092087,29.459898444853724,-0.0010266953550158928,-0.30940754505623214,445.10264147106716,210.6453236796589,1.0825167,1.3211513,162
8034,chronos,few_shot,0.1,CAMELS-IND,-0.4880643256055992,-0.044204410926729,479.18713531653077,87.11309257526824,26.478545209424738,-0.004203508241852602,-0.04261810696135804,2014.2633664500065,4202.931965226771,0.7760187,0.993758,162
8035,chronos,few_shot,0.1,CAMELS-IND,0.8644624807783962,0.8576071782795167,75.31998112329212,26.89132335483108,2.4721718704125584,,0.8669701467789774,259.24566808362897,318.5422373125588,0.8584123,0.99517095,162
8036,chronos,few_shot,0.1,CAMELS-IND,-0.15038733061807652,0.40469255923551395,147.00112123956194,42.81948484395297,1.5646128045370995,0.004660871480469481,0.45060413990214365,493.61704973567925,650.6253536373904,0.69287235,1.0875247,162
8038,chronos,few_shot,0.1,CAMELS-IND,0.25001031903314264,0.6436740871104862,1309.942987084104,305.4065458851476,6.770128239293335,0.006583459697921967,0.8303986081665757,3386.3263697759135,6251.6652406611665,0.6691311,0.5462841,124
9001,chronos,few_shot,0.1,CAMELS-IND,0.28408022544066025,0.3256833040440371,131.42725243691268,33.072723797094895,-27.053972408423743,-0.01243474069485008,0.49735828042547625,572.4014941088341,990.1465485298725,0.7150965,0.7884467,159
9002,chronos,few_shot,0.1,CAMELS-IND,0.5415847815692264,0.4851889688859121,114.42251281931019,34.540991478496125,-37.34663729583711,,0.538899642498182,464.03581449344796,600.0351656358328,0.85132176,1.0556098,153
9005,chronos,few_shot,0.1,CAMELS-IND,0.20618320233248633,-0.13006686520370803,30.7635313841294,4.143934650158664,-71.48537990914998,,-0.11697135185903407,130.6005166306272,224.5532750715658,1.6801188,1.0451573,109
9008,chronos,few_shot,0.1,CAMELS-IND,-2.2347807086163307,-0.7358198235124005,1.5870065732770575,0.3665459384169199,121.6944533923965,,-0.6881559411542046,4.191873048917923,1.963355129660968,1.6303371,1.4583337,113
9009,chronos,few_shot,0.1,CAMELS-IND,0.4901199439289392,0.4611474280298977,60.42953351862256,16.070305893557112,-25.341703120575687,0.0028101816248085783,0.5445714006536155,250.66093952898154,398.26441955566406,1.5249985,1.4431677,57
9011,chronos,few_shot,0.1,CAMELS-IND,0.1963061110969302,-0.21105783012883061,0.1667746216132661,0.021325215697288513,-82.83348392947913,,-0.16362536026347785,0.1667746216132661,1.5524413883686066,1.681818,1.2348378,94
9012,chronos,few_shot,0.1,CAMELS-IND,0.10583966583880544,-0.32618926017294125,1.108560130198267,0.165790633243673,-93.6877812955342,,-0.3163972642978172,1.108560130198267,7.868317034349789,1.0537397,1.7120084,102
