basin_id,model,mode,dataset,NSE,KGE,RMSE,MAE,PBIAS,FDC_slope_error,FDC_KGE,tail_RMSE_95,tail_RMSE_99,RB_flashiness_obs,RB_flashiness_sim,CRPS,mean_pred_std,n_predictions
10005,chronos,zero_shot,CAMELS-IND,0.3991695908083066,0.42474511111554447,17.931524980323246,5.58548014263312,30.522929063759527,0.009791100490724111,0.4347628779927971,22.043896471870408,28.942405700683594,0.645809,0.788191,4.309212699182231,5.186530590057373,30
10008,chronos,zero_shot,CAMELS-IND,0.27962531257732515,0.22151837467764468,598.7940337634157,108.32395487243032,-28.5297966779053,-0.0009172828345172974,0.3560147961117558,2568.2349008520873,5320.109522211161,1.2900343,0.9670543,92.80872801328961,68.69425201416016,188
10010,chronos,zero_shot,CAMELS-IND,0.693752251953079,0.6419433624486831,58.74637030178735,16.337991101534964,16.26786148950539,,0.6503280380096812,209.8886002426749,167.74522212841987,0.6882948,0.7802644,8.914457532123551,20.440099716186523,183
10011,chronos,zero_shot,CAMELS-IND,0.8210895214515209,0.6897876158652818,87.71314364885919,24.3049307734547,-17.464405285275244,-0.0018933891451653473,0.6985587035601151,358.2365397953353,318.6426612905219,0.9351203,0.71373296,21.109189340425253,22.79509162902832,188
10013,chronos,zero_shot,CAMELS-IND,0.6446482163888148,0.6789272333841099,24.464795106965315,5.02970083539612,-8.174821990558044,-0.00031159398480899887,0.7276804975177863,104.52856744992805,187.93585769826825,0.85161144,0.73873395,4.009330858315774,3.103123188018799,184
10014,chronos,zero_shot,CAMELS-IND,0.39440978845334895,0.7113104070604056,56.124750977250066,16.670023475080203,-0.5001297291947849,-0.0005222101963763305,0.8938804906826088,205.92016649444705,287.1834107901237,0.7218835,0.70593953,14.245152106127126,6.763974189758301,184
11001,chronos,zero_shot,CAMELS-IND,0.10076023870679762,-0.10343138134187746,275.4789778356596,27.847170923928637,-45.30499362400491,,0.07656117699964116,1171.4076944648132,2612.199281209564,1.4983553,1.2782172,25.236509617644074,7.192630767822266,182
11010,chronos,zero_shot,CAMELS-IND,0.32492962554557236,0.2457050994176161,145.91034012927085,31.593031900677275,-28.534016119630454,-0.002179196547320572,0.3528766545302485,625.1991829053886,1286.1165694289832,0.88658905,0.58541334,27.376512006760976,14.911239624023438,188
12001,chronos,zero_shot,CAMELS-IND,0.721389911589726,0.8436001909601651,19.657878437073713,5.193149160587778,5.282234579922138,0.0027747472403148177,0.9068960269177153,82.74414823289534,134.47425982156253,0.48923594,0.5468268,4.334420642890772,5.336390018463135,156
12004,chronos,zero_shot,CAMELS-IND,0.8903828204995061,0.8564248505515273,143.0353065572759,41.27835383238616,-4.940594990187575,0.0009615364404718107,0.8646340228680731,558.194854095207,872.7641393869078,0.6139823,0.59535664,35.2811459788818,64.07574462890625,108
12006,chronos,zero_shot,CAMELS-IND,0.5588633905424449,0.5679674806522558,38.977127075524415,11.716237261455428,-19.335101711944642,-0.0003780623961607277,0.6448834009600528,141.85608665380855,236.33366454985148,0.9268857,0.9100134,9.414355324178986,9.37290096282959,188
12009,chronos,zero_shot,CAMELS-IND,0.8747611821070836,0.8715762497921964,13.122069777947692,4.481232658273506,6.337428546398454,0.0025283108596400455,0.8823428194134975,43.03723636932164,20.43978049406642,0.71603477,0.79477894,3.7507465982217445,6.788912773132324,135
12012,chronos,zero_shot,CAMELS-IND,0.08301565093693375,0.013033584263035025,204.96647414960998,35.43524604995751,-33.55005413317578,0.003114964582063319,0.2870105389450902,871.6981675578103,1763.9581872724523,1.0537281,0.633162,33.04730907165265,19.255990982055664,171
12015,chronos,zero_shot,CAMELS-IND,0.7220115991344457,0.835990648478677,10.165754441917548,3.3325419277550137,-5.388246652352387,,0.9207498778982284,36.21612953974166,51.99843308198863,0.8221915,0.7468723,2.781649138801216,3.211780309677124,152
12016,chronos,zero_shot,CAMELS-IND,0.2628538998195028,0.4428547107586771,97.48757891212732,24.755335589038566,-0.5389388868024221,0.005031914632646031,0.6308144752638352,386.4201985904175,816.8676974359857,1.0509644,0.9014342,18.647114379750533,27.878732681274414,188
12018,chronos,zero_shot,CAMELS-IND,0.09871303876140125,0.5685426340825634,88.51297082586196,20.8906460149003,8.671356907791065,0.0044488234341657565,0.7119335793126103,164.4311772693874,180.4598641579283,0.70013785,0.82903045,16.957920697888046,10.791190147399902,168
12020,chronos,zero_shot,CAMELS-IND,0.35443034851898425,0.6710431343868513,702.9393704187455,145.1398893975197,0.20106276224602268,0.0010127173257035438,0.7772198010059159,2892.757741228288,6452.791861799193,1.0048087,0.8823149,118.00080599443112,82.9121322631836,188
12025,chronos,zero_shot,CAMELS-IND,0.6119856821746846,0.5768835772297685,867.8723571359867,228.82077821772148,-16.206974098069463,-0.0002701669360279449,0.6258523934611064,3467.7240139015535,6031.05073877044,0.73688096,0.60832274,199.04665751109687,142.35438537597656,188
12026,chronos,zero_shot,CAMELS-IND,0.8139892866742362,0.8261802549126118,283.91357461650614,83.91892711152421,-5.4196286521088615,0.00025050458022289265,0.8553292867868123,1031.5526224840671,746.1027071945407,0.49460644,0.42883936,70.50190476744935,63.93552017211914,188
12029,chronos,zero_shot,CAMELS-IND,-0.0016967875267011046,0.44887468161407373,53.41202239811635,18.543437139274992,15.088958858557035,-0.005946926271031078,0.5167879621204352,170.87458992710918,155.08754269237429,0.8017359,0.94450796,15.254773800949302,22.069154739379883,123
12035,chronos,zero_shot,CAMELS-IND,0.8919759813106776,0.9246489582905768,302.1138629553947,194.19585336522854,-5.142634579123691,-0.0045597830410955,0.9450240025851794,755.7754467390865,616.9553946914264,0.56474406,0.49590933,154.81748989773362,114.07299041748047,188
12036,chronos,zero_shot,CAMELS-IND,0.19773678951659512,0.1659874270928129,248.23313580862785,40.114635475870706,-24.046508849693,0.000707104170087014,0.3428810562157826,1050.3902258300784,2297.303214356459,0.9521251,0.7913824,35.92819041005418,14.440985679626465,184
12038,chronos,zero_shot,CAMELS-IND,0.34551631123004223,0.583014263692066,164.2262790739304,43.190608849501274,-5.331718671210622,-0.0009797515470279655,0.804191919176503,665.3611395177459,1242.2336331757642,1.018232,1.0324366,34.59572474152106,34.987430572509766,188
12043,chronos,zero_shot,CAMELS-IND,0.6787409801039191,0.7006149798651904,64.06442236904827,13.785705339936921,-10.240030691524133,-0.00185415192646117,0.7559528828012598,269.0750120928457,514.3457129855473,0.96288,0.93617517,11.682891067196412,7.2727508544921875,171
12044,chronos,zero_shot,CAMELS-IND,0.6248642038954411,0.770997399008819,11.492110147506972,2.744628615697385,0.7575545890410548,-0.006322676149732146,0.8205756069654517,47.43600852537174,95.35835618492295,0.60615253,0.7267729,2.276178318305056,2.7046597003936768,186
12046,chronos,zero_shot,CAMELS-IND,0.7660586831936151,0.6645622102094887,288.691097508814,75.84401591280674,-16.731445317532568,-0.0006532188245462894,0.6809502050892933,1219.6686393125337,1893.902758864812,0.60215545,0.45460445,69.00040477086445,24.628158569335938,188
13004,chronos,zero_shot,CAMELS-IND,0.285081620950675,0.27166829373060863,408.7234178386937,67.108991380004,-28.63343223952325,,0.43011340324579805,1756.4730438505017,3841.185970782576,1.0722637,0.85980934,61.26010409843516,30.06450080871582,187
13010,chronos,zero_shot,CAMELS-IND,0.32289527246303085,0.6556814881743611,90.79144507764147,21.596209155774577,12.898327537648864,,0.8404133486171461,350.8323392910948,506.02652309642986,1.3629365,1.1285264,16.385890442945293,22.570100784301758,145
13012,chronos,zero_shot,CAMELS-IND,0.09752444283886552,-0.0947769425068481,69.20095616651962,18.658108037417296,-55.49641167400172,0.012024337432028853,0.11053576349038063,284.9235155200911,414.2001621723175,1.323656,0.9729895,17.261718805445913,12.131548881530762,69
13016,chronos,zero_shot,CAMELS-IND,0.3551450336018598,0.6895590827407316,379.47410360126383,108.5019150196159,-3.371230475813629,,0.9309516699658339,1406.807318775195,2317.883744052417,1.26445,1.3085163,40.39920386756343,59.011619567871094,177
13017,chronos,zero_shot,CAMELS-IND,-0.00029966583087603915,-0.013658492080920848,308.5200402653364,106.71733488180699,44.804059007808824,-0.015018739333186967,-0.01312716221856114,1274.921357290637,1780.594970703125,1.2224101,1.3632786,82.22217354583964,190.62644958496094,39
13025,chronos,zero_shot,CAMELS-IND,0.48539202296596395,0.4548027752709364,69.79409611581775,23.55993158337788,24.99545128479903,,0.4624362940168849,262.22408796830166,212.1878032654244,1.1342878,1.3131344,17.094278441636266,32.27922439575195,109
14001,chronos,zero_shot,CAMELS-IND,0.4859622996238444,0.42292018581220425,193.93687260478183,88.60368709564209,12.850922981563786,-0.010480320255372613,0.42542977058065023,320.18275234707573,190.1351318359375,0.65931314,0.86559135,79.51867601360132,82.55492401123047,25
14003,chronos,zero_shot,CAMELS-IND,0.5775444139624729,0.7891917609540026,119.37284806077518,34.79710232020431,-1.1867946185239169,,0.9077554540226906,481.4312566270826,506.1377422978584,0.9980542,1.0918965,28.46798425090154,31.45960235595703,185
14004,chronos,zero_shot,CAMELS-IND,0.9165288859650391,0.9573555321932287,24.43717403400147,7.34251660361024,0.40116588231180755,,0.9854084835988081,92.46266304540288,98.0258078318023,0.7442549,0.7511018,5.809265163628281,7.70650577545166,121
14005,chronos,zero_shot,CAMELS-IND,0.9929620796090441,0.9190767042857968,1.134224147123576,1.062864065170288,-1.9193411372750675,,,1.4588241577148438,1.4588241577148438,0.6553563,0.6156524,0.9996768920354371,3.703253746032715,2
14008,chronos,zero_shot,CAMELS-IND,0.43261906270176465,0.35591237704578027,75.02759453900697,13.987191423703287,-30.408538380064602,,0.4383574984529576,320.3573940629208,646.8863140187934,1.25887,1.1408368,8.188638575049133,6.381501197814941,185
14009,chronos,zero_shot,CAMELS-IND,0.621311932954536,0.7948583592698132,71.17932696074402,37.11953496777763,-0.9697770506558111,-0.011405802440617466,0.9382516353829555,69.6272776532948,3.63409423828125,1.2709414,1.0693285,30.810127996298075,44.9537467956543,24
14012,chronos,zero_shot,CAMELS-IND,0.6693355306947871,0.47818082501960824,49.76651478318394,12.07037442404616,-24.57667952266242,,0.48453858475269374,207.2028361089148,325.5617233486672,0.8431493,0.59437627,9.74428051660169,6.033912181854248,162
14014,chronos,zero_shot,CAMELS-IND,0.1029519229624738,0.06017568116725858,113.73622686011889,15.720614003556202,-25.537680027634117,-0.002313803169029252,0.328406018448858,486.85539400459044,1075.9372174428886,0.91274494,0.6386947,14.610583374602362,6.448885440826416,185
15001,chronos,zero_shot,CAMELS-IND,0.5992716019329134,0.7625444857667978,80.0076752542222,33.6339240830917,-12.445976930754483,,0.8372822772232682,243.89179176841384,339.6648958196755,0.6732459,0.78885806,24.264809964053818,22.505420684814453,156
15003,chronos,zero_shot,CAMELS-IND,0.5770384051560984,0.7570613328806114,7.3594385014819474,2.0699226716731456,-3.1178388055321693,-0.0012508014372475916,0.908086390499224,31.078160686034195,55.40843812722053,0.53303707,0.46504745,1.6599855886136445,1.1628867387771606,188
15005,chronos,zero_shot,CAMELS-IND,0.8159317314573371,0.8463229105530233,31.2025829175917,13.081087731715778,1.437499411913279,-0.00011789025686012589,0.8642629485719324,108.02505877684654,167.49100870904624,0.51515955,0.57468665,10.287750970326114,8.806517601013184,184
15006,chronos,zero_shot,CAMELS-IND,0.4197743710128784,0.6425563089029911,41.134325293887,13.114919175892028,13.644885420370626,-0.019301978134377354,0.8279724739563137,144.0035245648757,249.1197324871976,0.6121397,0.4973374,10.465999326648898,10.826895713806152,172
15007,chronos,zero_shot,CAMELS-IND,0.4797358621046761,0.7012990564391878,17.669339811210747,6.444454722340752,-11.152291996691256,,0.8720737230796993,71.2731012708339,104.39539801112659,0.85585296,0.67213714,5.347322595043971,4.967367172241211,159
15008,chronos,zero_shot,CAMELS-IND,0.8245741338788247,0.8842798128465066,212.07120548585306,89.85889901604897,-6.85705159772622,-0.007884670758901063,0.925446023048903,688.1215750401216,1251.4900912247715,0.60051554,0.5276417,70.09045909780583,72.202880859375,161
15009,chronos,zero_shot,CAMELS-IND,0.7869291175434577,0.7993480805231915,51.20161075062123,15.89200057507433,-8.01012437864887,-0.003387542784789463,0.8316081097252606,204.94306603128885,402.75594052526685,0.6103132,0.5392725,13.304939281145893,9.82453727722168,188
15010,chronos,zero_shot,CAMELS-IND,0.6829015675260903,0.7367885737825979,35.34694274792105,17.052667705936635,-10.82108044253877,0.001965320563134719,0.7974419139951964,132.81604471061945,192.66611451554863,0.54921037,0.39185578,13.738912955589711,8.961406707763672,188
15011,chronos,zero_shot,CAMELS-IND,0.7679389617532384,0.7629094982461145,25.957835879154366,10.291546527258344,-11.49925320166696,,0.7940624538861931,95.60715879909006,176.09269033340857,0.55838174,0.4930573,8.95245744440582,5.151582717895508,184
15012,chronos,zero_shot,CAMELS-IND,0.44981825361223127,0.7216083172536261,66.41722864749381,22.935435376050542,-7.950085125838245,0.0024903745121642312,0.8976369315609531,269.82014403573294,416.0709475234767,0.76858073,0.7597892,19.758156507211115,7.889712333679199,164
15013,chronos,zero_shot,CAMELS-IND,0.6326460543045653,0.8065542093170271,46.26741566260758,13.750803500923126,-5.665899145100177,,0.941225562594568,189.900942474635,309.0788027397993,0.72804564,0.6291237,11.81645777450285,6.55510139465332,171
15014,chronos,zero_shot,CAMELS-IND,0.4205690188687774,0.5712546028672989,70.93080558080695,16.835351967322143,-12.67123528957188,-0.0015827211370394167,0.7345049218872404,299.37104715830793,629.3780243984731,0.8086937,0.6952574,14.99046688460947,5.553402423858643,188
15016,chronos,zero_shot,CAMELS-IND,0.7569118800448981,0.7275068582103513,66.49551397061137,20.310188851081858,-10.710236376056795,-0.000773849010344628,0.7542397404415333,253.3676317935513,378.8147893407409,0.6626602,0.6006131,17.84301057000236,8.79678726196289,102
15017,chronos,zero_shot,CAMELS-IND,0.7582760416946239,0.7995857176422303,119.01131719594848,37.204017669510314,-8.651261081231974,,0.8447371742664811,471.823328682,523.871185456276,0.7331652,0.786317,31.506935999317868,31.016704559326172,170
15018,chronos,zero_shot,CAMELS-IND,0.8680438572541889,0.875875425762475,3.9343379432539116,1.5388108111593672,-8.617564640177278,,0.8942882948571537,11.195532041201131,11.913167815469375,0.5468097,0.5459883,1.1658442269747442,1.119710922241211,161
15019,chronos,zero_shot,CAMELS-IND,0.8176951489072571,0.8379862402347116,57.50547274717298,25.713415855807916,-9.191023012934197,-0.0002545362236458931,0.8663051127115656,193.4136356659472,363.94565715478745,0.6450108,0.5772117,21.846437261817766,10.673454284667969,168
15020,chronos,zero_shot,CAMELS-IND,0.5164405792617613,0.578240935292408,24.570554891868262,7.603916294236858,9.345028901482248,0.0006826434514778032,0.5919404642906216,96.91640425490677,82.96816819900157,0.90912056,1.1359527,5.950852436998656,5.987741947174072,186
15021,chronos,zero_shot,CAMELS-IND,0.8253333519902176,0.7510991612287912,92.17515755056364,45.03125759478538,-7.81156295553572,0.0018301201744342563,0.761805085655376,335.11158225413976,478.17664511584815,0.52936804,0.404554,36.741636573615125,23.73291778564453,186
15022,chronos,zero_shot,CAMELS-IND,0.16920295453858736,0.6108169836744536,47.24316586163676,15.656218785111623,-6.035458265965769,-0.0038632317123148477,0.8565595383106577,189.04715332858055,211.64534491792884,0.5335678,0.49459308,14.053107874885947,4.286277770996094,186
15023,chronos,zero_shot,CAMELS-IND,0.6871775180033453,0.836072261938285,114.80573986128901,36.018995650713485,-3.4443794879525846,-0.013086603614569536,0.9100649518140989,478.55754765832614,394.3130762297545,0.72235274,0.68790716,29.004532901400292,18.425512313842773,186
15024,chronos,zero_shot,CAMELS-IND,0.703197667191823,0.8118642763134135,36.15047640541473,12.20468052202282,-2.761937122959953,-0.00239719958031432,0.8527096198037558,141.64423741791538,247.23031309848653,0.6882172,0.75975823,9.662781238592025,9.086499214172363,185
15026,chronos,zero_shot,CAMELS-IND,0.8635536010294963,0.8815119109812896,41.99195304112733,25.545552191863187,-4.395533201139981,-0.001587518485875728,0.9036270694189492,110.3759153778576,60.276359345516376,0.4663517,0.36147255,21.148311270474906,12.919227600097656,185
15030,chronos,zero_shot,CAMELS-IND,0.8186733609864606,0.8381929238012213,19.585667465277144,8.621048646518982,-12.344278003574832,-0.003299868055163184,0.8628508022149113,62.68838551061454,45.6187311507056,0.75106937,0.6968226,7.586396200877089,5.840288162231445,166
15031,chronos,zero_shot,CAMELS-IND,0.35704128781836175,0.6060817733767708,4.314420854015843,1.2031898722127279,-0.1858522355491742,-0.00428924128641061,0.6438083541558293,17.410281541723094,11.914289990774448,0.7276895,0.7615056,0.9764688479182301,0.6416183710098267,187
15032,chronos,zero_shot,CAMELS-IND,0.41837795067675854,0.6306276645311342,50.46302269165494,20.25753203257485,24.969538656282538,-0.02711969525472141,0.7233193330567298,145.72254550247976,266.30477348890395,0.6021484,0.62456125,14.950445881512922,18.91350555419922,172
16001,chronos,zero_shot,CAMELS-IND,0.8863799979354751,0.9082374253959872,19.93239610625574,6.661076194824627,7.251880981267216,-0.0006819944259702088,0.9185750946080471,71.24367194911298,112.82410157869386,0.7652123,0.73639226,5.813029605216225,3.9767167568206787,156
16004,chronos,zero_shot,CAMELS-IND,0.6240357524757132,0.8003931936362869,76.92827424861126,24.5248434848219,-4.271821464233361,-0.003992132149621054,0.8858612916840952,295.97687593068906,441.4706718565247,0.5956606,0.6192601,19.672637747512308,21.92397689819336,181
16007,chronos,zero_shot,CAMELS-IND,0.3587573076437013,0.4144156651020745,102.38588870196408,20.9953766365846,-19.149796398255155,0.0028112529787410537,0.5625795283577374,427.12678106937216,809.521915498433,0.72220224,0.517044,21.022787385868135,16.924274444580078,144
16012,chronos,zero_shot,CAMELS-IND,0.3504258453958258,0.6839772869145551,152.9253392554446,35.96245086497517,-5.500691434158567,-0.004828553177960861,0.8106274247447457,647.8155724438614,856.5165701642791,0.9648156,0.95333076,32.169286864067665,29.891098022460938,186
16014,chronos,zero_shot,CAMELS-IND,0.5298493149597315,0.5683958497758717,90.3852603263482,25.004831319991897,4.2141146086042225,-0.0016187347005326772,0.5773417562626619,360.9774915438456,747.3494941075829,0.65152127,0.80693746,21.92073340031382,22.042865753173828,188
17001,chronos,zero_shot,CAMELS-IND,0.6629901374441483,0.8067864816062973,2.7968487045417643,0.7655342683867397,-9.574899133210138,,0.9004683499596438,11.374492828948727,8.575050634987962,0.84277797,0.9082546,0.571184696203177,0.5249472260475159,150
17003,chronos,zero_shot,CAMELS-IND,-0.030817974832233475,-0.42216216360554126,209.7739043742707,22.81692097694581,-70.66862143115803,,-0.06158685124689378,893.5163466008744,1666.1143982817762,1.8539019,1.2159069,21.42138979700951,1.9663281440734863,127
17005,chronos,zero_shot,CAMELS-IND,0.402398116254846,0.16522047250632232,101.97120564961749,18.100371810361743,-54.09171411776523,,0.22296391441832186,430.19931534372154,651.8499621705254,0.6708777,0.87014765,17.81348590419382,2.281116485595703,125
17006,chronos,zero_shot,CAMELS-IND,0.24680445101564052,0.01793144458161855,520.8247607844436,62.84955703495171,-56.68743274922899,-0.0021185497783334367,0.12879238672460036,2238.6325798942585,5002.282803609239,0.9302506,1.2755854,57.52116416893455,24.11307144165039,186
17007,chronos,zero_shot,CAMELS-IND,0.016011441447989272,-0.11544399846066034,2.818400355100912,0.2922600029326487,-46.59160303065996,,0.20711278765898866,12.055143651032528,26.114782555977012,1.3318071,0.8178649,0.26905282087513616,0.04391735792160034,183
17009,chronos,zero_shot,CAMELS-IND,0.1588759079940838,-0.24546577709471085,97.27476019311636,14.340317168066987,-85.85150935278797,,-0.23656952805940157,422.10125113117107,726.892262636593,1.782928,1.1328061,9.64904025031378,1.7370178699493408,113
17011,chronos,zero_shot,CAMELS-IND,0.9068572626868953,0.9315381876377186,13.487087559354773,4.733211670668773,5.020793598748412,0.0007719778584640916,0.942279781583079,44.16252561349774,62.766506445249924,0.7081717,0.7023224,3.9827527070490514,4.105772018432617,162
17012,chronos,zero_shot,CAMELS-IND,0.5790984864634152,0.723972166241148,19.94021436203187,3.7021536861843383,5.706399103590352,,0.8290562806924148,84.32632441272766,114.19409385243655,1.2770046,1.1165704,3.1415790887145296,2.6220197677612305,126
17015,chronos,zero_shot,CAMELS-IND,0.5661803784611477,0.5083320586073045,2.6277323093228535,0.41445161503701883,-27.9195573418746,,0.5710795228892798,2.6277323093228535,20.938687628157385,1.2912385,0.95726997,0.3912891566471949,0.14771097898483276,188
17019,chronos,zero_shot,CAMELS-IND,0.9128422001762522,0.8808431311461512,5.712714846282148,2.7254214838805777,-6.416852387292767,0.000761874705143939,0.8879857804525108,19.28638188635569,24.91956194264128,0.43846545,0.4292506,2.2218512039608473,1.7656669616699219,181
17022,chronos,zero_shot,CAMELS-IND,0.31535774004054173,0.07204081505250381,66.72282994119054,8.79624425122188,-48.82762423128941,,0.07757007112093595,283.0619091097853,525.7347563794631,1.5240412,0.98600066,1.789629356242352,1.7260662317276,127
17024,chronos,zero_shot,CAMELS-IND,0.30519144110294727,0.005995884037970689,48.48203461417116,8.701967567303463,-63.03277585696277,,0.05462001425964902,210.09514797737248,333.229100924884,1.0194564,1.2743742,8.371819083902999,2.4799392223358154,114
3002,chronos,zero_shot,CAMELS-IND,0.48003739631802234,0.5497747260240533,32.289046247952385,10.210380322023019,-23.150511730756925,,0.658646131334075,125.65604117008868,239.5204381942749,0.8306214,0.8494577,8.752358039634714,7.454748153686523,74
3005,chronos,zero_shot,CAMELS-IND,0.6904817855707328,0.7889790953854965,678.7538553469122,192.4505963411103,-7.756401106008197,-7.073986593862658e-05,0.8695843151167807,2774.2127423980814,4950.857278218828,0.9956641,0.8337375,164.62624957490635,126.59990692138672,188
3008,chronos,zero_shot,CAMELS-IND,0.3700853427584616,0.6213157022298554,639.6788694233392,105.03768522118,-5.231029395963193,-5.1248886717047276e-05,0.8581687293942254,2759.0840034444454,5196.651786307893,1.1316712,1.0693864,90.37300043757182,113.7466049194336,188
3009,chronos,zero_shot,CAMELS-IND,0.46764794473510063,0.5543516962036874,0.8309864622652674,0.14609897842941186,-20.624257336889457,,0.6807287398162019,3.3048869240629615,7.349999904632568,0.94682235,1.2975152,0.04430962441639391,0.11850929260253906,84
3013,chronos,zero_shot,CAMELS-IND,0.8530760861607993,0.7985877206712302,16.828739753610215,5.291246470935802,-8.183420611532448,-0.0033812156456235927,0.8112152364689338,61.91520589323697,82.88593299904716,0.90141773,0.8656032,5.100630536049698,9.73558235168457,188
3014,chronos,zero_shot,CAMELS-IND,-0.011575010185382206,-0.32321799593715306,72.70258690223416,8.395881682634354,-39.97248218302442,9.242853439951626e-05,0.041202690818211596,314.6036907420777,697.3279206710629,1.1258044,0.6245717,7.850452574909509,2.1355583667755127,188
3017,chronos,zero_shot,CAMELS-IND,0.3299495693265474,0.41970490780052194,6.068174622136689,2.9685045592939585,-42.28158364448281,-0.026418137307279134,0.5211394433169427,13.192486852699963,18.568897247314453,0.67668754,0.60481894,2.270395305891913,1.8609652519226074,72
3018,chronos,zero_shot,CAMELS-IND,0.7209492504312054,0.8613720138423675,282.1383733165297,71.9434649297377,-0.19131462264692656,0.006867344315788712,0.9901012786644439,1119.4842604129974,1742.9200439453125,0.8483819,0.87133384,59.181167687808774,62.12144088745117,82
3019,chronos,zero_shot,CAMELS-IND,0.5425921417361476,0.5915722922639433,2.5351950820839693,0.6106507618290683,5.1062344146674254,,0.5998976256604451,10.446769536242464,17.871647849283253,1.0500029,1.2512089,0.4562165536576291,0.6981030106544495,132
3020,chronos,zero_shot,CAMELS-IND,0.5555572166085241,0.2715314617586737,35.442316687235376,5.327881541694502,-49.506357864732735,,0.29453061370775413,35.442316687235376,317.9893493652344,1.1614742,1.1874188,0.6615903160333875,2.598904848098755,97
3024,chronos,zero_shot,CAMELS-IND,0.5371616781644152,0.5306134598851433,0.061004026538446054,0.014309284121093408,11.22493105855766,,0.576087999201948,0.061004026538446054,0.47078126668930054,0.8584071,1.0731914,0.012955830655995279,0.031066682189702988,82
3028,chronos,zero_shot,CAMELS-IND,0.44381185474382323,0.353962181321817,304.1052737986949,48.603768820671284,-24.08472539268028,0.0001329790481284232,0.4063061707246387,1297.3478074611567,2838.1298122561884,1.3207943,1.0422405,44.2699541967912,36.866111755371094,188
3029,chronos,zero_shot,CAMELS-IND,0.6452208663509803,0.5594581454374843,34.433857423425046,8.965614616755834,39.861230037726415,,0.573507195784644,85.40275118432018,56.191314697265625,0.8673822,0.6979699,7.239159101817462,8.885266304016113,85
3030,chronos,zero_shot,CAMELS-IND,-0.014330736961450041,0.2948252903910773,144.03748001025383,33.33194856041487,-22.75501745516884,-0.004503723993558362,0.672543130225744,610.5928165581971,1131.3687488567743,1.2399887,1.231955,30.126186021692092,23.80457305908203,188
3031,chronos,zero_shot,CAMELS-IND,0.847937141568541,0.8489476817018873,44.19741169681372,15.232196623831987,-10.002762804574106,,0.8696761194816538,131.204818008295,25.25876033265312,0.8293923,0.7926137,10.997471973926126,18.44211196899414,110
3038,chronos,zero_shot,CAMELS-IND,-0.5960319418424411,0.29521064874003966,20.60063360404933,4.350728485931089,18.131328537434374,,0.7343256853977884,80.0715624471803,110.17489234793304,1.455656,1.6376624,3.4051427600892623,4.940431118011475,133
3040,chronos,zero_shot,CAMELS-IND,0.4634647849948318,0.48371636869713774,46.691948782433386,10.369290739055128,-10.366993279415762,-0.010026663163613836,0.5780294186844173,191.44761591081948,395.22592548061596,0.9907179,0.77960926,8.475619440822188,16.127479553222656,188
3043,chronos,zero_shot,CAMELS-IND,0.9365802104884524,0.9395186261381592,1222.1007826526168,379.00206019016025,-3.5533975451981457,-0.002456762815981263,0.9475481985286426,4836.6839101227915,6922.045020551958,0.6669016,0.6448999,308.0338052226812,284.97198486328125,188
3045,chronos,zero_shot,CAMELS-IND,0.6651479500328227,0.7873915775967785,153.8301798930988,64.48287619313886,-3.9065840091409827,-0.0014528131473256854,0.8861843556144107,530.5095607514903,197.5018310546875,0.37499547,0.32605386,40.48003413280287,51.34705352783203,93
3047,chronos,zero_shot,CAMELS-IND,0.9695377378615674,0.9314583943243795,0.7897391293939537,0.5234453916549683,2.5058349501818276,-0.00231293513237402,0.9314583943243795,1.4540367126464844,1.4540367126464844,0.29680812,0.31302878,0.4846501107617178,1.5288382768630981,10
3048,chronos,zero_shot,CAMELS-IND,0.22620123724793073,0.385283460205747,180.68552452802166,43.61166190181641,-18.79026065813501,0.004402548621874041,0.6243632820514862,760.460809968637,1402.2957899186697,1.0272373,0.9294861,40.749709952809,44.490272521972656,188
3055,chronos,zero_shot,CAMELS-IND,0.8816846025489787,0.8547706202956785,106.07100380066065,24.86741580319271,-5.442739288583203,-0.0016761964275202046,0.8630838136508968,340.16520202019205,432.55061958819095,0.6194001,0.7935441,15.148700932986387,26.36210060119629,134
3056,chronos,zero_shot,CAMELS-IND,-0.01040825990779437,-0.2447326624227406,72.80070860706763,9.603940967886082,-44.524046990458416,,0.053733294624286,319.69639534526317,671.9661463337044,1.5741397,0.99466443,8.678823268971634,4.491649150848389,177
3057,chronos,zero_shot,CAMELS-IND,0.989951997255651,0.9873422933527018,146.42716043785532,45.3059216981293,-0.1551529952598156,-0.0011069399694937539,0.9882484787693667,545.0585043336528,105.52735715050889,0.30861735,0.33098128,37.87871917517108,25.696884155273438,186
3064,chronos,zero_shot,CAMELS-IND,0.04057836050239316,0.04517145534975198,85.6539673506096,13.444909500169594,-16.64149322918595,0.005095170541673098,0.30493233247248364,361.0187758073821,787.3147868689197,1.1523185,1.0455896,11.235176909689038,11.744110107421875,185
3068,chronos,zero_shot,CAMELS-IND,0.9678491323033043,0.8485119685688828,61.25428212643068,15.875339495434481,-6.657266522707215,-0.0014555984377092324,0.8486290887065997,240.77998256284192,469.830810546875,1.4973092,1.43601,15.675859710898214,25.340335845947266,85
3069,chronos,zero_shot,CAMELS-IND,-0.10687500811269768,0.49999955310013433,70.41344863888915,36.87841307794054,11.556920420596002,-0.003428745233909264,0.7792249853660176,204.9499969482422,204.9499969482422,1.5680028,1.583473,18.64148375570319,17.342561721801758,15
3071,chronos,zero_shot,CAMELS-IND,0.7078378291210501,0.5864881143959575,3023.1017648802426,510.49467663295934,-30.685169887133842,-0.0024972901965646804,0.6091596556300045,12596.24228247549,20972.051042504107,0.76851857,0.7174329,481.15824516019626,124.90459442138672,122
3073,chronos,zero_shot,CAMELS-IND,0.9346635950497196,0.936152871185869,1117.8995446357824,362.63861562555485,-3.6042106172014705,-0.0030198047179749027,0.9437164657867949,4061.532410226783,2733.6712821274073,0.9116252,0.8620878,313.9568892990202,281.2229309082031,165
3074,chronos,zero_shot,CAMELS-IND,0.4990178599291394,0.6052083908469993,20.614358139034003,8.557551327896746,-11.948799009270314,-0.030828767895912892,0.728833476758999,84.02152002413511,80.34537506103516,0.6838498,0.5567199,7.16041448142526,7.458244800567627,38
3075,chronos,zero_shot,CAMELS-IND,0.8723296767390276,0.9242697441229225,1287.6588893727042,409.0933767978908,-3.6414632767344353,0.001900861805378913,0.9595151747587752,4995.232216955992,6217.981756955885,0.66989976,0.7088618,360.45534110676516,220.88612365722656,171
3076,chronos,zero_shot,CAMELS-IND,0.7600891216106724,0.7828638246071251,27.372259972379247,17.921395656040737,-4.414068054143805,-0.0008636570768359442,0.8215996791785717,78.24592712544504,53.62188720703125,0.36417246,0.31435302,13.271019462596225,18.29448890686035,35
3079,chronos,zero_shot,CAMELS-IND,-0.12730412162320648,-0.03596242318555887,42.79993449016376,14.40470812437327,-37.0312261551864,,0.39562662639913293,137.25597598026695,191.52361583709717,1.4135752,1.6485442,13.239909437472466,6.699462890625,23
3081,chronos,zero_shot,CAMELS-IND,0.3162953641363496,0.1739498318961561,621.960405805444,80.01614694470582,-36.18376129083879,-0.010785991600187145,0.2383296707761441,2711.108212863478,5689.240934752905,1.3898278,0.96261936,72.47664999587435,40.183624267578125,172
3082,chronos,zero_shot,CAMELS-IND,0.33889808729982973,0.4179449891584115,74.08801796123154,16.449175061614472,-14.947491236031711,-0.024687775346914617,0.5842004611993121,320.8640663015772,547.6259043297763,1.3054476,1.3251342,13.420850568788838,11.633749008178711,139
3083,chronos,zero_shot,CAMELS-IND,0.08347509904619432,-0.16645800182463022,195.35563605800587,22.704429157780535,-53.10539678912725,-0.0075980853899430545,0.04226980002716518,838.7442915706431,1865.0701893279645,1.3880663,0.80865777,21.216183115399648,9.375499725341797,185
3085,chronos,zero_shot,CAMELS-IND,0.1388882844862841,-0.03198713747553872,82.36804114115591,41.34274673461914,-64.24484852751715,,,212.06120681762695,212.06120681762695,1.74431,0.9828852,39.137064430404244,9.270642280578613,8
3087,chronos,zero_shot,CAMELS-IND,0.8133252732618007,0.816844665747191,257.2340216159999,70.32928691880547,8.484319489712636,0.003073182159228874,0.8306934529773538,1069.7882520146418,625.3790081048414,0.8761459,0.8720705,68.66692421851252,135.1977996826172,137
3089,chronos,zero_shot,CAMELS-IND,-0.15652960285555184,0.4781893166273783,51.82143579007492,13.8849933101463,9.014422287610444,,0.6548087625126402,212.56866266834606,264.55044286733647,1.4137138,1.434948,10.518661637289902,13.647732734680176,140
3091,chronos,zero_shot,CAMELS-IND,0.9911690924280295,0.9620459049327016,0.08240456599931041,0.058383792638778687,2.8427437327113947,,,0.07655692100524902,0.07655692100524902,0.23344053,0.22926912,0.0739207642833343,0.28650787472724915,8
3092,chronos,zero_shot,CAMELS-IND,0.8908533224878875,0.8541337478022445,72.88712163638554,34.907754024827334,-6.715541000011848,-0.00289294445071666,0.8616479755520814,224.54605657946888,275.9403076171875,0.68441355,0.5785034,30.161444813774203,33.395076751708984,83
3094,chronos,zero_shot,CAMELS-IND,0.12575362021974534,-0.06441572839077891,254.8398241657273,44.06559946118517,-51.12710133991562,-0.0017961666663037293,0.12569446676979823,1096.853647595172,2330.9082555912955,1.277778,1.0421685,41.51098586690624,14.024005889892578,188
3098,chronos,zero_shot,CAMELS-IND,0.7135198964293203,0.7748007571908014,5.417065447236589,2.641307080630213,7.2700925133002,-0.011877102609907396,0.7893491630022023,17.715408895509213,7.427196502685547,0.6970752,0.77000386,1.7537854265611261,2.9707870483398438,32
3099,chronos,zero_shot,CAMELS-IND,0.16207109645950835,0.5906739916350583,40.33414551100586,14.522170421327738,7.944641107721476,,0.7235555425751288,97.54412179268,71.7769775390625,0.9537086,1.0195786,10.662180855388396,14.974660873413086,85
3103,chronos,zero_shot,CAMELS-IND,0.9444414914309657,0.8891321011766832,351.30635491473095,130.95480988009663,-6.565778402017462,-0.003140129462999769,0.8920959994618323,988.352956808461,714.5954991114583,0.665305,0.61424047,110.69029677764794,80.06202697753906,149
3105,chronos,zero_shot,CAMELS-IND,0.9336478778116668,0.9150532608380519,20.281784969717457,8.971236428956395,-2.688915419724566,-0.0008546970693238398,0.919186924010606,56.2007741831126,39.13916015625,1.0516002,0.97118735,7.009923470529477,13.251046180725098,97
3107,chronos,zero_shot,CAMELS-IND,0.4184235974123116,0.5505874633352048,40.28128142919423,12.617761378635704,-19.995975611974604,-0.0018685072681208503,0.700431041113702,157.79446005517073,234.6084189616901,1.0125078,0.95605737,10.80586578812349,13.118305206298828,144
3109,chronos,zero_shot,CAMELS-IND,0.3550192547555959,0.06919296089359928,597.6284275940699,129.73089243261254,-59.13082847743203,,0.1034608700884605,2399.768020293805,5009.6619873046875,1.4895414,1.089994,76.82888211387397,60.30299758911133,85
3110,chronos,zero_shot,CAMELS-IND,-0.059234889813008174,-0.7379393992299823,175.62429627356852,42.69852080071149,-93.4849751475529,,-0.355683831646737,765.1104975193739,765.1104975193739,1.9547788,1.672387,42.71254290881712,7.7824387550354,19
4003,chronos,zero_shot,CAMELS-IND,0.6137161373443163,0.6654401722344255,287.2975218771202,71.42933777835349,-5.147902570419815,,0.7252590884068597,1123.8827366225985,1814.8926605051781,1.0818563,1.0130965,38.1640762698909,34.62767028808594,116
4004,chronos,zero_shot,CAMELS-IND,0.8476235737677493,0.8555093208586853,161.42297973872965,38.116113787167706,-3.423724431341078,,0.8661185304068832,661.090047180318,1154.3006931138898,1.2107936,1.1420139,34.366801622205436,43.62900161743164,188
4005,chronos,zero_shot,CAMELS-IND,0.8674383193078123,0.8167790903910143,5.516767585770597,1.5627344486239398,-9.811021264355313,,0.8281270156182021,22.65779936805033,28.79155389486785,0.6072253,0.62241864,1.4120229988321862,1.3810930252075195,145
4006,chronos,zero_shot,CAMELS-IND,0.056531648145087265,0.1225130466273856,85.63934859388493,22.297995535082855,-38.48511661936976,,0.4170112046127584,297.3258901767726,509.81266593933105,1.2432516,1.6816018,19.57032694136929,8.947309494018555,43
4007,chronos,zero_shot,CAMELS-IND,0.708256018572718,0.7102179801442543,38.089269086102995,10.245869619506461,-11.830145120335771,0.0010732538479014953,0.7486819343266902,159.43304677566778,256.7924361896055,0.99125904,0.7589837,8.630161360318533,6.609776020050049,186
4012,chronos,zero_shot,CAMELS-IND,0.5738510267599968,0.516081124891503,7.644321742628928,1.3840534504431181,-19.159517802632116,,0.5686006987035022,32.95480191696086,68.4239470603569,1.0580298,0.7787166,1.1738110493457639,1.0592278242111206,188
4013,chronos,zero_shot,CAMELS-IND,0.49867156114104827,0.45480584451171224,1580.8391203845133,234.91874897646395,-26.726616219321876,-0.0052560986908619794,0.533810394995056,6989.460232258836,14580.636974980154,0.71974653,0.5215331,225.778153365827,98.33938598632812,178
4015,chronos,zero_shot,CAMELS-IND,0.8168646778509511,0.7089568699971204,33.186506471826995,9.459882658460867,-3.7242227305611237,0.0016681397050098811,0.7158243879200812,134.69910911696851,280.12088372574783,0.57662594,0.5502876,7.503462074939699,6.1875081062316895,184
4016,chronos,zero_shot,CAMELS-IND,0.8586892501504857,0.901290798527084,138.5984009679671,52.72940873846095,-6.963364283486852,-0.0014890676778890194,0.9277616922827748,468.73762727522785,411.450396113081,0.81123954,0.7116669,44.91059239208374,36.88032531738281,188
4017,chronos,zero_shot,CAMELS-IND,0.7422346100926096,0.7284912237495047,417.02035724247514,83.92869259554514,-15.433520011626042,-0.004622282077644528,0.7647375033771306,1740.9392361039302,3670.587299697397,1.027336,1.0165901,48.38221027230368,59.14225387573242,187
4018,chronos,zero_shot,CAMELS-IND,0.05948732233011966,-0.31809907898996026,47.9124354754698,5.1488277282072925,-75.44584881940085,,-0.20716633467802636,207.73271876359073,463.306733198847,1.7163827,0.8508179,4.935073300340307,0.6310617327690125,188
4021,chronos,zero_shot,CAMELS-IND,0.5017167930302115,0.6285697504976087,150.6615657481009,31.611477560610385,-14.926512765581267,,0.759967848127196,567.2836843702936,957.9820096004235,1.0883989,0.9437334,14.455437057164326,17.894664764404297,185
4022,chronos,zero_shot,CAMELS-IND,0.38904967680710845,0.27978623641699396,110.66146558608163,17.696063221209346,-27.186472025785573,-0.031196661659584735,0.3172926304287049,472.18474399243627,1002.2963911007839,1.2357613,0.88471913,16.044480254888448,8.801151275634766,188
4023,chronos,zero_shot,CAMELS-IND,-0.004912172085613342,-0.5211931408578991,43.18354423479963,3.964534582444249,-78.19422529973394,,-0.24196951671197886,188.2245509871315,398.8411927331733,1.8095695,1.1003425,0.6526804595600438,0.3851821720600128,171
4024,chronos,zero_shot,CAMELS-IND,0.30321009527635956,-0.10633840047326992,0.6132372697884669,0.05550726185449296,-74.16500574139742,,-0.10546128704164515,0.6132372697884669,5.809110777942664,1.7181209,1.3080816,0.051683223613434186,0.010905291885137558,180
4025,chronos,zero_shot,CAMELS-IND,0.9060560757902293,0.8350581910102786,8.495391422756606,2.0799924780534007,4.191228760386448,,0.8373086110304587,34.360647872028565,56.48482803359092,1.0383779,0.7855091,1.6830739404478585,3.828193187713623,127
4026,chronos,zero_shot,CAMELS-IND,0.8544297695487346,0.8154802427107553,236.20824307719462,69.12391129211385,-7.019990492701688,,0.8294761738747429,878.4787596275361,1448.7154896051002,0.8663324,0.9004929,62.80428855955986,38.562503814697266,188
4028,chronos,zero_shot,CAMELS-IND,0.5353807023703692,0.6308324342347271,8.14843910854418,2.2485917663906476,6.3648988145686785,,0.6526461510867543,32.65513254060061,51.99830613301549,1.0242652,1.081755,1.7378926379932895,2.4395081996917725,185
4030,chronos,zero_shot,CAMELS-IND,0.5936378970784391,0.7869621865177638,47.84571533300422,10.502730269262448,-7.082610584674491,0.0002476717104823653,0.9166001866845482,204.49921989070157,249.06408309008336,0.9104416,1.0591018,8.787021872587855,7.525402545928955,188
4031,chronos,zero_shot,CAMELS-IND,0.8610941710027812,0.9078048579215015,121.94885922670899,27.05262230660152,5.915392484463084,,0.9304766529901779,516.2184735294596,469.4068587883205,0.94041973,0.9055773,18.16914769890709,23.531923294067383,188
4032,chronos,zero_shot,CAMELS-IND,0.7349101506589275,0.45394454036025556,409.3303081287418,69.42867159382082,-36.99181981990128,,0.46028971046075395,1763.7088526204088,2361.508030825572,0.5144217,0.49615753,39.764357961852156,7.342724800109863,130
4038,chronos,zero_shot,CAMELS-IND,0.5634666559958561,0.7764810759000383,93.36274831756835,21.836694805308227,-2.803449849415959,,0.8791895300462643,377.99937606123973,511.65696510900966,1.3246675,1.1268085,15.672381036418082,12.37672233581543,188
4040,chronos,zero_shot,CAMELS-IND,0.6050189138814437,0.6335819902051789,46.881313057119016,13.924925707751198,-13.036154160166213,-0.004842092253315382,0.7022328080903959,200.3749133856528,331.7808532714844,0.52345735,0.5061728,11.974788409919482,6.854462623596191,95
4041,chronos,zero_shot,CAMELS-IND,0.7768524892758263,0.8621764152248919,1.173901809800331,0.34843471487910727,5.440359249214485,,0.8922256167967733,3.699370528127581,4.815124042779755,0.9202237,0.90927184,0.25976320647788975,0.27223706245422363,127
4044,chronos,zero_shot,CAMELS-IND,0.4455882685396805,0.6923247316072934,100.19082422596857,33.9344640152924,-11.039224822354445,,0.883348885349461,290.7669893577234,552.7754173278809,1.1668708,1.1375991,25.864851101944407,32.49850082397461,66
4047,chronos,zero_shot,CAMELS-IND,-228.19266734330557,-13.817570923195351,1706.1015104721394,341.7776349158706,384.4998608905055,,-13.813077749769668,198.89905226793053,195.02256774902344,0.74937475,1.6564174,63.23065089341253,198.80801391601562,37
4048,chronos,zero_shot,CAMELS-IND,0.9191096370118212,0.9060808231359044,47.19741306847508,19.25268423949013,-8.42857371826453,,0.9149333750768864,113.19734033481726,28.7900390625,0.9441869,1.0681165,15.171799462460864,9.812339782714844,97
4049,chronos,zero_shot,CAMELS-IND,0.7207189948059719,0.8039262951510144,27.096894565214296,8.183029136487416,-0.9989680367377926,,0.8277238005400159,94.70908450051621,131.97975158691406,0.98105615,0.8692708,5.547122989663754,8.413495063781738,63
4050,chronos,zero_shot,CAMELS-IND,0.6762152295940865,0.5956128820162742,2151.5241970387888,433.1482588253517,-20.708002939831026,-0.025389267162678517,0.6257764301770554,9243.427982488567,15398.374120989733,0.53282154,0.42071706,372.8457409787993,172.3732452392578,131
4051,chronos,zero_shot,CAMELS-IND,0.6624552191309305,0.44324762596793055,0.465688450798719,0.06256935564662389,-19.983954243753523,,0.44597825090475696,1.9772069214934893,4.388649293537944,1.762971,1.4948269,0.05249083241618473,0.07538087666034698,188
4054,chronos,zero_shot,CAMELS-IND,0.6882499605768426,0.6938475592935303,89.62425797205803,17.868024264244323,-24.279506069370576,,0.7368033885392278,378.6966613607934,590.0859313956513,0.86825264,1.0938176,9.044014556176801,7.819322109222412,188
4055,chronos,zero_shot,CAMELS-IND,0.7604103196020775,0.8412217454789603,7.289745988243644,2.6676404394416346,8.2359152794456,,0.8999164308581575,18.571239658016534,17.61185073852539,1.8676287,1.8206321,2.005214892806164,5.898289680480957,36
4056,chronos,zero_shot,CAMELS-IND,0.9724949169495789,0.8956154601109104,48.53412113078441,19.570013300607016,-6.4549162833634,,0.89580328735191,170.53398004646243,105.60205078125,0.99853635,0.9640215,16.41157720716155,7.201895713806152,51
4057,chronos,zero_shot,CAMELS-IND,0.6600075438618085,0.6003847631205554,31.658834281084605,7.877493096620474,-22.392514159970123,,0.6420505356718056,130.02066378434998,215.53416775276648,1.151368,0.93824077,6.770427026528202,4.129798889160156,142
4061,chronos,zero_shot,CAMELS-IND,0.28376154778043394,0.39667965448086684,56.99165122932651,9.579887431039365,-17.239659719979944,,0.6026143473758128,242.1711380763549,520.716583332413,1.1055017,1.0570245,8.296970797360725,4.844879150390625,188
4062,chronos,zero_shot,CAMELS-IND,0.8522836215778951,0.7187967184895863,132.7249620856063,41.141155512171224,7.901832863139008,-0.002263061114381612,0.7203079570021758,475.10052785102647,963.7010556061259,0.757632,0.80898124,33.461998885426155,32.33245086669922,188
4063,chronos,zero_shot,CAMELS-IND,0.5113074614932416,0.5480026524797326,137.81945608246127,34.71920132890661,-21.900577258172262,,0.6464150733803189,507.1671600918884,837.5899123588503,1.1393589,1.0632154,19.0328067655304,19.24366569519043,188
4064,chronos,zero_shot,CAMELS-IND,0.4450579412725544,0.6423740482474642,217.59911836192964,49.05973009959339,-11.135569740922337,,0.8220947635486893,786.1324217553802,1545.7880398989464,0.884058,0.9375822,43.25586502359058,23.3362979888916,188
5001,chronos,zero_shot,CAMELS-IND,0.8826089940179302,0.8251643961031548,16.7466224421704,5.711510079703432,8.210448267354582,-0.006272216983241062,0.8276857793879056,60.04584401633992,104.84062968132419,0.97265834,1.040646,5.041630649221539,8.564290046691895,169
5002,chronos,zero_shot,CAMELS-IND,0.7778230655590033,0.799009186336031,81.27099986453973,32.007202834842055,-10.094709046144024,-0.0013450951904766112,0.8344881873718965,302.2422449511759,303.54760825542144,0.6489519,0.563715,27.972945060313457,13.919269561767578,188
5004,chronos,zero_shot,CAMELS-IND,0.8133758790059225,0.9051369712277519,8.245889112556837,2.718749640967756,1.9174101356560114,,0.9759008289035349,23.63144276560695,4.47717865728548,0.56127864,0.8322716,2.428982401750868,0.9084157943725586,126
5005,chronos,zero_shot,CAMELS-IND,0.6256634929220051,0.7066973679827103,1.6040051525072563,0.3188762510341072,-6.986511019445753,,0.7909658935098847,6.6767146282213625,12.53742710149003,0.9895204,0.6431993,0.2802783613516152,0.17466428875923157,163
5007,chronos,zero_shot,CAMELS-IND,0.5072395499671756,0.7189327426801806,15.509038999710656,4.307616043370217,14.992201171509915,,0.8159179373628972,60.24344651170233,77.85329767761938,1.1547992,1.1721966,3.010511930691793,2.7421674728393555,144
5008,chronos,zero_shot,CAMELS-IND,0.953195934680025,0.9547956788547959,41.65249018998442,21.36390859405087,-3.5739334562036076,-0.002180578083026685,0.9612138183525619,73.20474675945347,81.09572002673426,0.5242218,0.5085073,17.304897018682883,13.358956336975098,176
5010,chronos,zero_shot,CAMELS-IND,0.9283060732271616,0.9115709337368789,41.568376368886554,15.499398258758738,-6.269791669574271,0.0015345128055244059,0.919022847905202,144.44935617371183,183.12554924426553,0.652233,0.61236656,12.670629377282172,11.802358627319336,187
5012,chronos,zero_shot,CAMELS-IND,0.8203739934435397,0.7253978136272556,62.28041498717465,24.35397224400479,-19.315646805414364,-0.021286338429428883,0.7370356241788578,173.12642229822504,94.96127319335938,0.7080618,0.65455735,19.976263837019697,10.630224227905273,52
5013,chronos,zero_shot,CAMELS-IND,0.8919015343900002,0.8960061017356807,38.4477648157016,12.24795196306436,-4.415788047977467,-0.004170042299150162,0.9116912427699942,154.46175877315864,81.87097708446791,0.7596205,0.6787294,9.925506335347782,9.133392333984375,188
5014,chronos,zero_shot,CAMELS-IND,0.2199677562968635,-0.046043427376621926,48.9189612114122,9.605694708037412,-63.6892682643212,,0.06335583283872159,207.28329874814406,331.6939174683259,1.4701239,1.3602507,8.75925087016527,1.7145392894744873,126
5015,chronos,zero_shot,CAMELS-IND,0.34580057069659287,0.336711687781868,67.74125583211548,35.255584509166724,-30.130210393739997,0.05034365128535929,0.4597273940833545,199.92572794761085,289.0412113198353,1.267458,0.9537172,27.00033134310341,30.948734283447266,136
5017,chronos,zero_shot,CAMELS-IND,0.665215722845973,0.8072589267695992,32.96797018792009,9.787134240757911,-1.5850661514911228,0.00258484711128399,0.8630594238959246,122.07393793695344,140.0716206294025,0.7152449,0.69081944,8.03180047266684,9.214487075805664,188
5018,chronos,zero_shot,CAMELS-IND,0.4320009069922348,0.4213308438821467,7.650921336773447,2.4699453730532466,3.5415289169882387,0.0008775959991514162,0.42439559654455594,30.6375718713165,67.71180040524712,0.45399395,0.49690145,2.010235626427696,1.8977662324905396,188
5021,chronos,zero_shot,CAMELS-IND,0.6263303717402364,0.6645894695597306,8.237025648481849,2.0183122775707787,0.13164575429859235,-0.0005842535802635732,0.7140400811813867,24.353643893134794,52.74782162232201,0.5135395,0.47080028,1.6435758097745279,1.5099377632141113,181
5022,chronos,zero_shot,CAMELS-IND,0.43856476717194215,0.5953374165445247,4.45488987739686,2.3276028323997844,-8.176616722391515,3.5385606720530344e-05,0.7547178780088681,16.64424500655655,27.783134776130343,0.4872296,0.33487135,1.9531565655931933,1.4276469945907593,188
5023,chronos,zero_shot,CAMELS-IND,0.4578462242374013,0.5010574798075691,0.4577874653213119,0.07525326320983947,-19.422928934045817,,0.5982418677397354,1.9849647282068537,4.147148383597902,0.49523428,0.35550126,0.03263984417297726,0.034110259264707565,173
5024,chronos,zero_shot,CAMELS-IND,0.6766881663546942,0.694930715542993,2.423882060044116,0.7227893193964573,-10.25054171786698,-0.0025562100453918185,0.746620765394887,10.311245484184333,15.20873877269147,0.5437662,0.42300308,0.6846636416493973,0.6258861422538757,136
5025,chronos,zero_shot,CAMELS-IND,0.5416424909124798,0.34552319486111605,0.2274153512656056,0.041321519340396434,-43.10043883992308,,0.38653486757285627,0.9928947806216812,1.5237014544782035,1.0802605,1.1753863,0.035531368227986096,0.014034568332135677,117
5027,chronos,zero_shot,CAMELS-IND,0.6649144678464907,0.6422913583881811,10.599422234108134,4.435747105103894,12.308540675467091,,0.6512410990656811,34.77941915706018,38.09763154879941,0.8601896,1.0404984,3.6875742946285426,3.989091396331787,119
5028,chronos,zero_shot,CAMELS-IND,0.653949213966365,0.7753738300884662,37.34014817716107,13.58363665141862,-6.996409250792364,-0.0006196807899913753,0.8721488822142333,139.64364585449144,256.563739113563,0.5977429,0.55001605,11.807043326605662,6.234943866729736,139
5029,chronos,zero_shot,CAMELS-IND,0.8896898694095826,0.9235449468027738,64.3184482311097,26.558915223624254,-5.022297511610279,-0.0023000351938539595,0.9467109255190806,187.52205275936043,5.865293419464855,0.50176376,0.435106,22.16578650138478,23.50806999206543,148
6001,chronos,zero_shot,CAMELS-IND,0.636075712984346,0.8142989704968047,158.47214919924525,45.899557902457865,4.054937489479841,-0.00019169511940332618,0.9392769696464995,614.6169147715146,873.9324571194876,0.9032418,1.058731,32.38758135850673,36.902530670166016,188
6006,chronos,zero_shot,CAMELS-IND,0.395695654767361,0.45712635248148537,606.6764682210221,126.61856313021678,-17.24535194151633,0.0007314979505602705,0.6003882491863396,2515.8665274841046,4300.869153411052,1.0340332,0.8328271,108.16858030256407,102.78372955322266,106
6007,chronos,zero_shot,CAMELS-IND,0.7393796309410088,0.8429046752701299,94.38486015748506,25.4465136616788,-5.126167177108024,-0.003037333793511225,0.9207576330961019,391.911500417654,653.0292864483177,0.40139106,0.34250757,22.461306105999533,12.581966400146484,188
6008,chronos,zero_shot,CAMELS-IND,0.6800049322552191,0.7660094748577927,363.3377567963523,96.34602134632614,-3.370536423032823,0.00014199354722427282,0.8254083688795031,1470.590198735162,2402.6120353658375,0.7329508,0.7154059,81.50453383260522,111.79489135742188,106
7001,chronos,zero_shot,CAMELS-IND,0.37599476726742853,0.5335891567346367,34.29937158804401,10.321894571819204,-10.496441586165362,-0.0004993009681159011,0.7203943813932759,136.89470628289342,181.80038142170037,0.8598172,0.9933795,8.857331955933951,11.716686248779297,188
7002,chronos,zero_shot,CAMELS-IND,0.7622863257367425,0.8159487553945322,175.16213789165923,41.13318847722196,-0.7905366718192293,-0.0012631079813865825,0.8564380779487784,726.0721648161037,1115.7747525736452,0.961814,0.9016279,33.0422664611559,30.30864906311035,188
7005,chronos,zero_shot,CAMELS-IND,0.49980567379860463,0.7533962646570609,45.58580205016669,11.688027378726513,3.002049863980538,-0.006236708190021235,0.8793412534579851,143.5050526619203,115.22195600664736,0.65650374,0.74514675,9.495125008258267,8.444120407104492,188
7007,chronos,zero_shot,CAMELS-IND,0.7515291575088147,0.7211261486058047,331.3346727982677,100.84181347552766,8.377059433024273,0.0012771056754760507,0.7296641194782734,1124.1736150781423,1256.6063848367319,0.7142381,0.85292065,78.76739688634672,70.7381820678711,188
7008,chronos,zero_shot,CAMELS-IND,0.3448982833298595,0.22687729255308708,302.14139486934863,47.12879731046392,-29.34671898645509,-0.004693434859560398,0.2669252960416183,1298.9921430007148,2862.3536038936736,0.9482562,0.6631067,43.309900025923234,21.915163040161133,188
7009,chronos,zero_shot,CAMELS-IND,0.7936937462241486,0.6838704411339251,371.63587301624233,108.6490819302011,-12.257073680894154,-0.0015521452180542322,0.6950524771218975,1521.814315977572,3084.9547029154246,0.59643483,0.47476277,94.01312421753472,67.10570526123047,188
7011,chronos,zero_shot,CAMELS-IND,0.7729665456360276,0.8403542083517048,273.2592551594566,96.15814987649308,-6.661649426721988,-0.0028207051800254457,0.8894908705585673,990.5849182434017,1585.6635872195013,0.746137,0.65394753,81.69503213117773,97.54158782958984,188
7015,chronos,zero_shot,CAMELS-IND,0.5595062059315541,0.6064485347460685,65.94134699792825,18.402274044121597,-14.585242284305208,-0.0023486136088825965,0.6870107829172258,260.4719549638579,550.0806886024559,0.69338596,0.62718326,16.477892537368113,16.596708297729492,188
8001,chronos,zero_shot,CAMELS-IND,0.7121776518098186,0.7153603857829259,10.225007657420969,2.6773174780487836,-7.82126058195005,-0.0038899418531865987,0.7581298044537673,38.17129467457116,66.71397899200099,0.92462224,0.91878885,2.1767012102424745,2.9647326469421387,188
8003,chronos,zero_shot,CAMELS-IND,0.21873419710592112,0.0295969015448021,483.5809326053136,57.874809247382146,-43.405075779297945,0.0018430943719259796,0.07646112335678057,2095.420151708117,4626.113571298541,1.2121824,0.73007405,52.62000294680534,18.595224380493164,188
8005,chronos,zero_shot,CAMELS-IND,0.5765328193326249,0.5003808255348934,88.39759762730023,18.52579694316336,-20.336666251247344,,0.5458291149596746,368.77719456097753,782.8481008256124,1.2338722,1.0913346,16.07796461977045,13.099960327148438,188
8006,chronos,zero_shot,CAMELS-IND,0.6346774276110392,0.6433783292117186,1164.1728714575981,263.3104382711364,-9.362100762718502,0.0014490652150161848,0.6785901516435662,4725.180519905164,9631.869359985181,1.114544,1.066148,211.78200044530945,161.52444458007812,188
8009,chronos,zero_shot,CAMELS-IND,0.14700686245353733,0.5098161777276412,80.65014641576434,22.2387208731694,-4.8494203300201555,-0.012180555262544884,0.872289684562666,269.18191916201187,429.63804635393984,1.2721292,1.2971885,19.893624208357515,9.214868545532227,185
8011,chronos,zero_shot,CAMELS-IND,0.5241918412774169,0.49625904411511723,611.4399504765258,115.6887199750289,-24.331108686487728,-0.014752095569336876,0.5723221667586709,2624.419623952808,5434.254878111638,1.1358091,1.0289589,107.82779674129554,38.90835952758789,188
8013,chronos,zero_shot,CAMELS-IND,0.8682014271383512,0.8877822884913805,295.9143326911919,86.6515766965582,-4.225781485189246,0.0005312961292008866,0.9076449966263654,1186.2042727857297,2307.424534992747,0.7067306,0.7319893,73.91177065062719,124.59788513183594,188
8016,chronos,zero_shot,CAMELS-IND,0.6755741823672833,0.8255629648145586,288.3448416521567,83.33221783536546,-7.047629456171792,-0.0060977850588395145,0.9018603041694238,1199.690278743979,2451.0520689811124,0.67481303,0.7151829,63.196310470415774,63.9046516418457,188
8020,chronos,zero_shot,CAMELS-IND,0.6014360897018771,0.7128510223841036,133.11310817325253,31.606300490967772,-14.45747917351235,,0.8074109803582383,394.51013219320555,641.5433467647142,1.2111382,1.1047642,24.2941774941843,18.209306716918945,188
8021,chronos,zero_shot,CAMELS-IND,0.3082295212112406,0.5190043269150985,118.02728722640924,35.3681480515887,24.20355525389401,0.00417635705982615,0.5616301675258454,341.5423005647382,366.2332229365948,0.7999776,0.9067211,28.01483561171164,27.710512161254883,188
8023,chronos,zero_shot,CAMELS-IND,0.38042117163389044,0.6563635728889474,11.350627490551338,3.4968361413468854,-2.94553414197635,-0.004561406135003512,0.8925846455226175,36.533531417833025,78.3719221189061,0.66642755,0.6574279,3.025544427035898,1.8815420866012573,184
8028,chronos,zero_shot,CAMELS-IND,0.5576716093703946,0.4818731922091106,90.08826576934855,17.001012518948706,-23.524528628428257,,0.5299094616173134,381.7911045567884,832.2290201864568,1.3571059,1.2883227,15.16729525701631,11.09435749053955,188
8029,chronos,zero_shot,CAMELS-IND,0.34759927526286627,0.6774433247254671,107.69165096904331,30.512542110072435,-9.267559784886888,,0.838463285091748,428.83298179512855,414.4647459421107,1.1904789,1.3315651,24.322878467960205,22.108091354370117,137
8030,chronos,zero_shot,CAMELS-IND,0.8729298772293501,0.9114168936819389,22.321070365988522,6.97611531786771,-0.9995184031068101,,0.9402422025235728,74.60473716459595,63.34041318112644,1.3460678,1.2410065,5.522878910596794,7.653709888458252,161
8031,chronos,zero_shot,CAMELS-IND,0.7942503078687517,0.6991006832026656,98.30992945343795,22.542236062408268,-10.639221600433325,-0.007038347707206398,0.7066183245186914,396.9457986414766,832.746653972635,1.0174861,1.0446084,20.65653586664998,28.42806625366211,188
8034,chronos,zero_shot,CAMELS-IND,0.5583395997910356,0.4314918325275956,1241.0306911801738,218.79368598723508,-23.418339531248833,-0.007422837320343795,0.462078304494808,5352.049616372891,11650.597949667115,1.2180336,1.0001769,190.18401203238287,102.57455444335938,188
8035,chronos,zero_shot,CAMELS-IND,0.41253146397409834,0.5360468896821179,435.0531693165855,87.9215022588664,-12.083120157583805,,0.6964745495002274,1850.2223730079822,3551.5714235335968,1.0922376,1.0975516,75.00968412232277,40.08739471435547,188
8036,chronos,zero_shot,CAMELS-IND,0.6728784263129544,0.8221761197833785,84.65249826777014,29.814130981670733,-6.961761033681833,0.00031938165979119443,0.9024430060223986,292.55067105789885,296.1630607402091,0.7347542,0.923845,24.910667051141008,30.182214736938477,188
8038,chronos,zero_shot,CAMELS-IND,0.5288640262004423,0.7528605824444001,1013.4914438154209,272.21137352512307,-8.522595855723248,-0.006341570055360367,0.8976331320063102,2934.4526047841036,2969.5939890201166,0.6138439,0.6229085,230.6123078428505,123.16815948486328,146
9001,chronos,zero_shot,CAMELS-IND,0.6821906708742923,0.8010806789709669,85.80675488159265,24.003601016275383,-8.217858892749383,-0.02854810957884768,0.8920145798086083,307.68976087652953,478.07562734505575,0.5805076,0.6885171,20.613763744387334,19.6511173248291,185
9002,chronos,zero_shot,CAMELS-IND,0.6591680508771939,0.5819952519690341,107.93251521318321,33.02975213175033,-29.109641381454047,-0.015188709970645767,0.6190168866612243,431.2091476326183,593.8652618538002,0.8046994,0.7691506,28.938022937029785,16.30120849609375,178
9005,chronos,zero_shot,CAMELS-IND,0.2854866162255739,-0.009169653207982131,13.689101292490404,2.255694121654351,-60.56097023039868,,0.007884516809596342,58.35989905679751,106.59633342160213,1.2848978,1.0773109,2.0607775374055186,0.7032335996627808,129
9008,chronos,zero_shot,CAMELS-IND,0.596331275230835,0.379486103610606,1.341010558686137,0.2918607324091179,-36.28127148578873,,0.3990367913640297,5.690115091664982,9.770907583573415,1.2445211,1.068789,0.23390872377271557,0.31663572788238525,134
9009,chronos,zero_shot,CAMELS-IND,0.7856185572297448,0.6481947721323564,24.626170051929783,8.579454938146535,-22.310638086269083,-0.021649093302219334,0.6612882042682531,88.62990714195996,89.05242919921875,1.2630804,1.2021697,7.1276122431413205,7.197413444519043,71
9011,chronos,zero_shot,CAMELS-IND,-0.023423721427997757,0.11366983722069546,0.18457713221588248,0.0344491066592457,-29.463664797447976,,0.48536096321536526,0.18457713221588248,1.1124076990199334,1.2376238,1.6321803,0.02908435542314318,0.058564141392707825,113
9012,chronos,zero_shot,CAMELS-IND,0.06875200334645737,-0.33340261958581263,1.3711804855897771,0.14657341131617216,-78.96393936060677,,-0.13624971599752422,1.3711804855897771,10.609947328875059,1.5419388,1.6709882,0.14565083370301457,0.040886614471673965,121
