basin_id,dataset,fraction,nse_univariate_lstm,nse_multivariate_lstm,nse_persistence
003303A,CAMELS-AUS,0.1,-0.5731873958980076,-3.6060667265978266,0.2572140098990672
102101A,CAMELS-AUS,0.1,0.5431642645560332,0.5173284407968681,0.6453490559298178
104001A,CAMELS-AUS,0.1,0.42664926184825813,-0.7520133422873185,0.7067698612466514
105101A,CAMELS-AUS,0.1,0.42248111875219774,-0.522185941430733,0.5912879098251009
105102A,CAMELS-AUS,0.1,-0.46563180466361676,0.34201499165980476,-4.989211005125448
105105A,CAMELS-AUS,0.1,0.5436599559235948,0.222683717967621,0.7351565414083137
107001B,CAMELS-AUS,0.1,0.4563817236410985,-0.8973473676743866,0.675195844840188
108002A,CAMELS-AUS,0.1,0.6085522111096765,0.5244727180454892,0.8775499683269169
108003A,CAMELS-AUS,0.1,0.5376565222155085,-0.027634978479738725,0.5391318012872356
111005A,CAMELS-AUS,0.1,0.44287015813664776,-0.16090444864638198,0.4361676925335528
111007A,CAMELS-AUS,0.1,0.3204202313650666,0.22404150640944487,0.2484222573121554
112002A,CAMELS-AUS,0.1,0.482317565371122,-0.003295624370826644,0.626140122484806
112101B,CAMELS-AUS,0.1,0.510070029539576,0.05787782328783031,0.5923600236888549
112102A,CAMELS-AUS,0.1,0.6160313953780726,-0.00416189625026786,0.7626561452427211
113004A,CAMELS-AUS,0.1,0.5338143057804228,0.4046087283199187,0.6963192795945883
114001A,CAMELS-AUS,0.1,0.3558449486436438,0.5338013900218427,0.38875446906171585
116006B,CAMELS-AUS,0.1,0.2780216695751737,0.8457057337372823,0.3446972342969892
116010A,CAMELS-AUS,0.1,0.46800288865233697,0.6969123010225762,0.607541152099948
116011A,CAMELS-AUS,0.1,0.23790512107812312,0.409679866893108,0.27405751455715144
116012A,CAMELS-AUS,0.1,0.5514456455146289,0.5205399309741412,0.6003491339594187
116013A,CAMELS-AUS,0.1,0.36017687925555464,0.5383335071672075,0.35742105984361006
116014A,CAMELS-AUS,0.1,0.4187877096801298,0.7472322234941546,0.4314649097041574
116015A,CAMELS-AUS,0.1,0.3430379638052853,0.6546435704988831,0.28769317780013937
117002A,CAMELS-AUS,0.1,0.7319983411685157,0.5468386682337522,0.74424624020008
117003A,CAMELS-AUS,0.1,0.3949225833114207,0.18375701170711034,0.779795656112257
118106A,CAMELS-AUS,0.1,0.5321755836158081,0.39023262782749646,0.7570187979069559
119003A,CAMELS-AUS,0.1,0.5974659550580872,0.5594029740331135,0.891038587697186
120102A,CAMELS-AUS,0.1,0.30790412552311286,0.2446373550624118,0.6880891472004502
120301B,CAMELS-AUS,0.1,-0.5080914179347138,-40.66635219352889,0.9348159925913205
120304A,CAMELS-AUS,0.1,-1.2848693530305058,-6.097504587609617,0.5902959804046959
121001A,CAMELS-AUS,0.1,-0.11475483079980187,0.061372583520716395,0.21783982942485158
121002A,CAMELS-AUS,0.1,0.6635505827174383,0.6699152882733356,0.6705939724829766
121003A,CAMELS-AUS,0.1,0.04066283174133578,-1.1202010729784817,0.18211303872968754
122004A,CAMELS-AUS,0.1,0.5684664848396765,0.36215472424963635,-3.872099973092724
124002A,CAMELS-AUS,0.1,0.8438468111665471,0.7480875112369187,-0.25472331392794256
125005A,CAMELS-AUS,0.1,-1.6808992720332436,-2.3626627921393584,-1.1005074317041328
126003A,CAMELS-AUS,0.1,-0.5899528537259588,-1.9083752568871741,0.472793342135877
129001A,CAMELS-AUS,0.1,0.347012684209983,0.5846595444677186,0.25131543588168703
130004A,CAMELS-AUS,0.1,-2.7883744115264015,-7.140901319275985,-1.4297171032257636
130302A,CAMELS-AUS,0.1,0.6744567684196714,0.22792739893349145,0.7650933520973597
130324A,CAMELS-AUS,0.1,0.42335295766107384,0.2082155471131495,0.6218897356516422
130403A,CAMELS-AUS,0.1,-2.527128352193131,0.12023381370260489,-0.31762072221570126
130410A,CAMELS-AUS,0.1,-55.207917315089205,-319.7928408188435,-3.4343355399578126
130413A,CAMELS-AUS,0.1,-1.4684544541080404,-10.152703404609472,-0.34875186336231767
132001A,CAMELS-AUS,0.1,-5.916742449908137,-4.200450713758715,-5.669113973317284
135002A,CAMELS-AUS,0.1,-1.5677693993622457,0.37602842697741723,-12.25795115872425
135004A,CAMELS-AUS,0.1,-3.3902664597409533,-1.8801458266765727,-8.298429391428906
136006A,CAMELS-AUS,0.1,-3.4981337117581672,-0.776151886571645,-4.4517528816844125
136202D,CAMELS-AUS,0.1,0.3761632442423499,-1.1494062397853946,0.7471128188785368
136203A,CAMELS-AUS,0.1,-29.97368070029419,-6.01918241915797,-27.604984177956332
136208A,CAMELS-AUS,0.1,-0.7314538899720298,-19.302019042451505,0.6269160139542123
136304A,CAMELS-AUS,0.1,0.5763524181810646,0.20081610900970737,0.7447916370665171
137101A,CAMELS-AUS,0.1,-0.6613318338552732,-0.7546945927029507,-2.272930755675331
137201A,CAMELS-AUS,0.1,-2.608402767722914,-1.4395412510935426,-2.2413862691313415
138004B,CAMELS-AUS,0.1,0.686869102707846,0.46067774546724294,-0.3708289943559917
138009A,CAMELS-AUS,0.1,-0.7048747445716097,0.4401936413130131,-2.3992092830586347
138010A,CAMELS-AUS,0.1,-0.017028018036102877,-0.0864514745667413,-0.5518226826441788
138110A,CAMELS-AUS,0.1,0.5684928370211206,-1.6611995476036179,0.6275277778401444
138113A,CAMELS-AUS,0.1,0.103274239124308,0.20938663753686348,-0.018350197482651653
138903A,CAMELS-AUS,0.1,0.4159674354300068,0.18201578034689236,0.5241695026785742
140002A,CAMELS-AUS,0.1,0.6326298971706579,0.16340344033137766,0.60558546156643
141008A,CAMELS-AUS,0.1,0.600958571590404,-1.1808227009216457,0.6896270682477219
143007A,CAMELS-AUS,0.1,0.5002749086078395,-1.9306139079231688,0.7828845733308092
143009A,CAMELS-AUS,0.1,0.555338254565861,-0.5476630180972037,0.809069951933441
143107A,CAMELS-AUS,0.1,-9.319790246593763,-0.055445598289062925,-9.708950971227342
143110A,CAMELS-AUS,0.1,-0.6475836919545812,-0.5012886641393313,-0.4731941428632067
143209B,CAMELS-AUS,0.1,0.49563647699646385,0.5388929961224809,0.48781234994485023
143303A,CAMELS-AUS,0.1,0.3666911533341558,-0.6518075888573367,-0.07110217954365905
145010A,CAMELS-AUS,0.1,0.044903660077079355,0.3994050701409586,0.13343394134691422
145011A,CAMELS-AUS,0.1,0.09395391919921947,0.7607018249747921,0.021200606642930775
145018A,CAMELS-AUS,0.1,0.10661535862063498,0.6240669857521919,0.1578760984370159
145101D,CAMELS-AUS,0.1,-0.09403952618418931,0.40425714250144584,-0.10182312372898705
145102B,CAMELS-AUS,0.1,0.19657643976438166,-0.07424983335652957,0.30680978472540643
145107A,CAMELS-AUS,0.1,0.18977695175449827,0.570069503824818,0.2097838284511513
146010A,CAMELS-AUS,0.1,0.4557177687392132,0.7005774726708991,0.44268333289024386
146012A,CAMELS-AUS,0.1,0.44749910830600503,0.48767264506013774,0.3442753158413693
146014A,CAMELS-AUS,0.1,0.06740027141411498,0.03393412480799951,0.066815363888441
146095A,CAMELS-AUS,0.1,0.4283499075516357,0.5492601268372347,0.31649153563805366
201001,CAMELS-AUS,0.1,0.4728730944263986,0.5389926390491397,0.5113976072588282
203005,CAMELS-AUS,0.1,-0.218716311150279,-0.05175065786175259,-0.3677617450472488
203010,CAMELS-AUS,0.1,0.12232288674747671,0.3349336343491395,0.11552720415160278
203030,CAMELS-AUS,0.1,0.4752323887413493,0.046746414128344016,0.4903134088130051
204002,CAMELS-AUS,0.1,-0.13133858724495617,0.7671523358991096,-0.09303631556794278
204007,CAMELS-AUS,0.1,0.11522775874564539,0.4539650462600102,0.0772627598969633
204014,CAMELS-AUS,0.1,-0.4437769183743483,-0.07619160091060584,-0.26264368814556693
204017,CAMELS-AUS,0.1,0.527858484494925,0.49736681609770095,0.5193259693567174
204025,CAMELS-AUS,0.1,0.553202204166873,0.5614246524616646,0.5583743187046712
204030,CAMELS-AUS,0.1,-0.17866625847470186,-0.032895787479184424,0.050836696847395
204034,CAMELS-AUS,0.1,0.6565717570345151,0.8125439503509461,0.7653779733616135
204036,CAMELS-AUS,0.1,0.44442773959079995,0.8834718306893256,0.49829851207406695
204037,CAMELS-AUS,0.1,0.36340973005663235,0.43447477534218526,0.3773896632939707
204039,CAMELS-AUS,0.1,-0.08792708834668317,-2.7401764993188413,0.48847130455602505
204041,CAMELS-AUS,0.1,0.8020585243772917,0.35986214024546126,0.7402535985597163
204046,CAMELS-AUS,0.1,0.27455227627934753,0.2407064087526356,0.3453845100875965
204051,CAMELS-AUS,0.1,0.751580023417084,0.6381043749946078,0.7628336192178327
204056,CAMELS-AUS,0.1,0.36813075812260887,0.4318795897914327,0.3560959290606073
204906,CAMELS-AUS,0.1,0.5805917898851383,0.6913513031362581,0.6718031639663831
206009,CAMELS-AUS,0.1,0.3185202282290759,-1.5498257112136087,0.6334153335409127
206014,CAMELS-AUS,0.1,-0.13888884062880646,0.25267254941132866,0.04179198136475459
206018,CAMELS-AUS,0.1,0.6219987734898809,-0.6780373243015865,0.7365408513944641
206025,CAMELS-AUS,0.1,-0.019137076464032177,-0.297407566609559,0.2964261125134454
207004,CAMELS-AUS,0.1,0.09099525917121387,0.09906355963171198,0.16052406198561964
207013,CAMELS-AUS,0.1,0.10502843981094723,0.05069038426791339,0.14896641550511192
207014,CAMELS-AUS,0.1,0.04179013887700811,0.23586703826464372,0.05582085657142599
207015,CAMELS-AUS,0.1,0.05391625869757455,0.06931525035359987,0.10160835074101504
208003,CAMELS-AUS,0.1,0.4163420582436672,-0.8308031700888399,0.524713546435859
208004,CAMELS-AUS,0.1,0.24224293006202724,-2.0006758412302825,0.5255100879894147
208005,CAMELS-AUS,0.1,0.4162723844107734,-2.914025040785207,0.6633883609483806
208007,CAMELS-AUS,0.1,0.4061383960110635,-2.664033319401675,0.7085592562973534
208009,CAMELS-AUS,0.1,0.3318932879276899,-1.2639043334609585,0.5156131294167807
208011,CAMELS-AUS,0.1,0.26304539407713234,0.1783651313281185,0.5725029210253962
208015,CAMELS-AUS,0.1,0.13251383598477773,0.3647701387192184,0.14461981691511383
208024,CAMELS-AUS,0.1,0.4527483267850563,-1.0474415173510518,0.632975117140129
208026,CAMELS-AUS,0.1,0.18170313314432873,-2.3376128345580605,0.7011566912365423
209002,CAMELS-AUS,0.1,-0.12876049481297702,-0.12129915662169366,-0.2294934677348961
209003,CAMELS-AUS,0.1,0.42369790649619365,-0.2957051942848328,0.5976126587872481
210006,CAMELS-AUS,0.1,0.39253703725994993,-0.5079764576108226,0.4678037834630844
210011,CAMELS-AUS,0.1,0.2069643991149267,-2.405460099090849,-0.49650892038239913
210014,CAMELS-AUS,0.1,0.4563682304483432,-10.066797880281008,0.7205380727171198
210016,CAMELS-AUS,0.1,0.4914963226506135,-0.5039780940677863,0.8007612539733722
210017,CAMELS-AUS,0.1,0.49481057386548455,0.18265633301548723,0.5602967499265927
210022,CAMELS-AUS,0.1,0.2830712707145685,-3.818599429323273,0.3834632281839072
210031,CAMELS-AUS,0.1,0.3207572116356273,-0.206985985527131,0.6546608214876528
210040,CAMELS-AUS,0.1,-0.5739442630009326,-0.002177960952395752,-0.322900492264512
210052,CAMELS-AUS,0.1,0.006177826566779787,-0.29663645360256385,0.17151747895981284
211008,CAMELS-AUS,0.1,0.12389484454278832,0.3144039065212456,0.04112181945519022
211009,CAMELS-AUS,0.1,0.020105002671922945,-0.21322994099110448,0.3725867465855258
211013,CAMELS-AUS,0.1,-0.37402497439086213,-0.351173154263829,-0.176637815416802
211014,CAMELS-AUS,0.1,-0.17871550773392086,0.031064458089135827,-0.049497687322136
212040,CAMELS-AUS,0.1,0.06582589356405888,-0.22156974965843657,0.19490939528220086
212209,CAMELS-AUS,0.1,0.1943152965066346,0.35943577177218655,0.17866060686609875
212260,CAMELS-AUS,0.1,0.42218064160975577,0.2346651976889741,0.4051674811282394
215002,CAMELS-AUS,0.1,-0.0705207745318166,-0.300562166525435,0.4781808428204939
215004,CAMELS-AUS,0.1,0.5497904327889613,0.6339486436204225,0.5716597934472948
215207,CAMELS-AUS,0.1,0.670653057639007,0.2076924017321763,0.7180342150422806
216002,CAMELS-AUS,0.1,0.20317857214890522,0.604650438575062,0.2918780525680038
216004,CAMELS-AUS,0.1,0.010300139919926288,0.0043943918488010825,0.10243317356156689
216009,CAMELS-AUS,0.1,0.21222525045918772,0.18641986223955476,0.3067899572594672
218001,CAMELS-AUS,0.1,0.11030939711380328,0.27647385124796553,0.3194955503619985
218005,CAMELS-AUS,0.1,0.5744399486786858,0.4335179926216709,0.6928092436786104
218007,CAMELS-AUS,0.1,0.15413091708561955,0.24178098859746877,0.2236494528234546
218008,CAMELS-AUS,0.1,-0.135062458190629,0.09237237965458711,-0.02242815489009109
219001,CAMELS-AUS,0.1,0.47021338963744697,0.4263191063506455,0.5233771618735169
219003,CAMELS-AUS,0.1,0.18149171675920306,0.3258563431647512,0.26207812497889216
219006,CAMELS-AUS,0.1,0.07895261206399351,0.14152447985996086,0.20273542382634913
219017,CAMELS-AUS,0.1,0.03784692904730558,0.12401436309077762,0.050395654014151914
219022,CAMELS-AUS,0.1,0.30778894912199417,0.43853618564955643,0.44235394891065793
220003,CAMELS-AUS,0.1,-0.0999416234334094,0.5229020896335596,-0.14998706632448822
221002,CAMELS-AUS,0.1,-2.000810179588869,0.6539599705221653,-3.763804459506793
221201,CAMELS-AUS,0.1,-0.6603986518729923,0.36074279435802303,-0.21027539031786557
221207,CAMELS-AUS,0.1,0.33023529838640997,0.5306890300234179,0.5079108759240882
221208,CAMELS-AUS,0.1,0.6050455318609727,0.3625840377600933,0.7547974889993534
221209,CAMELS-AUS,0.1,-2.044859871184393,-0.25052840663923326,-1.3427309715519997
221210,CAMELS-AUS,0.1,-2.180626141451124,0.43953672955841816,-2.2792718127544482
221211,CAMELS-AUS,0.1,0.4817730603062028,-2.3437334873730427,0.6688190845648753
221212,CAMELS-AUS,0.1,0.2323046237668358,0.5734184894266376,0.4120163367664096
222004,CAMELS-AUS,0.1,0.4395048444359676,0.1623888435612706,0.8207398661968073
222016,CAMELS-AUS,0.1,0.3328638356408683,-0.7421852412652581,0.6032845543899829
222202,CAMELS-AUS,0.1,0.08720822451425703,0.45969825383990925,0.32431292681780044
222206,CAMELS-AUS,0.1,0.12851719982034016,-0.36117505460858257,0.405803170504732
222210,CAMELS-AUS,0.1,-0.10915824686528297,-4.145026589826024,0.6204359752358475
222213,CAMELS-AUS,0.1,0.3901085020078755,0.3351575767879138,0.6599067609779532
222217,CAMELS-AUS,0.1,0.7738784521283432,0.3354890294499735,0.912438992245681
223202,CAMELS-AUS,0.1,0.5060624954513177,-1.581706970604725,0.7221199196851987
223204,CAMELS-AUS,0.1,-0.6308119640434686,-2.1783032224111114,0.1734061220161075
223205,CAMELS-AUS,0.1,-1.4838698799234868,-7.503566756499369,0.5910937307705478
224201,CAMELS-AUS,0.1,0.2716093499666694,-1.0352756724576686,0.451289221735644
224203,CAMELS-AUS,0.1,0.6568954690425197,0.1192427056434705,0.8869063367290653
224206,CAMELS-AUS,0.1,0.2766410784498128,-1.181415542741263,0.40944470808747235
224213,CAMELS-AUS,0.1,0.4579491192332642,-0.012345212673784633,0.6547722909831806
224214,CAMELS-AUS,0.1,0.13207992334816665,-3.3695923473698137,0.43695298882639366
225020A,CAMELS-AUS,0.1,-0.35848817196826155,-0.2171728947963978,-0.33969706914712017
225110A,CAMELS-AUS,0.1,0.7642466183456116,0.22373697327680842,0.8963242390669032
225201,CAMELS-AUS,0.1,-1.1250441075052828,-1.7638216106618891,0.7851201651262709
225209,CAMELS-AUS,0.1,0.7293669744417013,0.3828905622702704,0.8491176974892786
225213,CAMELS-AUS,0.1,0.5941960267554707,0.6140690729337408,0.6139851890947974
225218,CAMELS-AUS,0.1,0.24259285542224207,0.496793734412288,0.2937371375879946
225219,CAMELS-AUS,0.1,0.5714194071384313,0.7919622804788939,0.650930864094531
225221,CAMELS-AUS,0.1,0.4416160559614791,0.3443765819965291,0.5652940459126643
225223,CAMELS-AUS,0.1,-1.4954543256740322,-4.436668752756967,-0.24807273480280112
225224,CAMELS-AUS,0.1,-0.3746184014138749,-0.21338481296096523,0.3980125066717247
226023,CAMELS-AUS,0.1,0.5729916683903429,-5.224970166032568,0.6931515371606016
226204,CAMELS-AUS,0.1,0.12100965559957089,-2.052840501118788,0.5402861060206423
226205,CAMELS-AUS,0.1,-0.28432977292759976,-4.152561552362706,0.5782353228235322
226209,CAMELS-AUS,0.1,0.4800856270200883,0.5102481416416781,0.6562341156148777
226218,CAMELS-AUS,0.1,0.7587418216173445,-0.2174370778555681,0.9327596769581517
226220,CAMELS-AUS,0.1,0.3931091175238739,-10.467331752064611,0.7200205839480729
226222,CAMELS-AUS,0.1,0.11550459288675896,-24.40364029641138,0.593654765263336
226226,CAMELS-AUS,0.1,0.4867727760133276,-0.8623318562455473,0.6963116836513668
226402,CAMELS-AUS,0.1,0.3269159221515703,0.4890025838732024,0.5195508225626846
226407,CAMELS-AUS,0.1,0.16712137998824916,-4.619657934396635,0.40872705286744115
226410,CAMELS-AUS,0.1,0.3074627437429349,-0.2641797139348716,0.4063267186026619
227200,CAMELS-AUS,0.1,-0.19443362152764276,-0.07438244596089838,0.0021934051603859084
227202,CAMELS-AUS,0.1,0.4254459162042513,-5.946004336932554,0.6024205726129596
227205,CAMELS-AUS,0.1,0.3221114424078366,-0.4303365018696583,0.5659714660132518
227210,CAMELS-AUS,0.1,0.0703375985807303,-2.3045232429877993,0.2867653607923163
227211,CAMELS-AUS,0.1,-0.04883272163671992,0.436887548966972,-0.0034035268150960363
227213,CAMELS-AUS,0.1,-0.1915291296677113,-7.377982509011323,0.008751781459332197
227219,CAMELS-AUS,0.1,0.33143698058091675,0.5220074212843842,0.6436091116912137
227225,CAMELS-AUS,0.1,0.41395681127997763,0.6721499423111725,0.34895818139486234
227226,CAMELS-AUS,0.1,0.8637339747416606,0.8162288660818775,0.8114083943249055
227227,CAMELS-AUS,0.1,0.016254180700504106,0.21247445873764303,0.09083740415460662
227231,CAMELS-AUS,0.1,0.5513133606305602,0.5111207025521798,0.7240433433133033
227236,CAMELS-AUS,0.1,0.053371872891347594,0.351044370383791,0.339247997104832
227237,CAMELS-AUS,0.1,0.26684880117446497,0.42089281112360133,0.34881306793599853
229650A,CAMELS-AUS,0.1,0.8445302756787989,-1.2072292552338153,0.9684563943711783
229661A,CAMELS-AUS,0.1,0.8044109683858706,-1.8627734230104123,0.9331390257736001
230205,CAMELS-AUS,0.1,-3.9401460279502327,-93.68652653866263,0.6808505796038413
230209,CAMELS-AUS,0.1,0.0436927918392066,-14.548311356694722,0.7399534780769206
230210,CAMELS-AUS,0.1,0.4827759969424599,-0.05101514768221205,0.5551660020889634
231211,CAMELS-AUS,0.1,0.5330839015069662,-0.49075275391790707,0.5825389815018511
231213,CAMELS-AUS,0.1,0.813340214370774,-1.5306756336216591,0.8300254983320314
231225,CAMELS-AUS,0.1,0.8310218996699836,0.16143590007007924,0.8505319001549675
231231,CAMELS-AUS,0.1,-10.875903471970876,-27.4146120161405,-2.773515125498212
232214,CAMELS-AUS,0.1,0.295128744961189,0.001180426792566136,0.4241625376493744
232215,CAMELS-AUS,0.1,0.3517231266779529,0.19010277650032437,0.4677251836188625
233214,CAMELS-AUS,0.1,0.31456834699435754,-0.010984765289843379,0.4502704523427996
233223,CAMELS-AUS,0.1,-7.634134560338373,-8.073200697406083,-0.8010249159484573
234200,CAMELS-AUS,0.1,-2.875558757698999,-4.109122571538682,0.5033425384214018
234201,CAMELS-AUS,0.1,-2.7151607101943833,-4.1268905394362765,0.719896376418073
234203,CAMELS-AUS,0.1,0.48122288624142273,0.4822009056472014,0.6964609887026738
234209,CAMELS-AUS,0.1,0.07886381954110433,0.21971751053925226,0.1797426731453292
235202,CAMELS-AUS,0.1,0.169371889270597,0.05038246851386552,0.35948835895738696
235203,CAMELS-AUS,0.1,0.1375911677059415,0.6600634607156934,0.3244597398282395
235204,CAMELS-AUS,0.1,0.4470249752435196,0.17009943149889328,0.6233015502019761
235205,CAMELS-AUS,0.1,0.48036047427199546,-2.000302109017475,0.6369287579602017
235209,CAMELS-AUS,0.1,0.6270778258522507,-0.3622916499743105,0.8470146484454618
235210,CAMELS-AUS,0.1,-0.12715132352086944,-0.8057193839751298,0.15155734371105234
235211,CAMELS-AUS,0.1,-0.44361388984530903,0.47655903031309677,-0.17722656022671468
235219,CAMELS-AUS,0.1,0.7057072887731852,-0.7611684195846464,0.8020685709859597
235224,CAMELS-AUS,0.1,0.7704251219970502,-0.05427255207605275,0.8974138928609392
235227,CAMELS-AUS,0.1,0.6619190738747263,0.46091091871870005,0.788388487142568
235233,CAMELS-AUS,0.1,0.29884577150182545,-0.26306755967897755,0.5394237279043227
235234,CAMELS-AUS,0.1,0.2215487699204013,0.49955907919465525,0.3685696615671322
235237,CAMELS-AUS,0.1,0.38084529850230064,0.5369509862447476,0.33545008204144633
236202,CAMELS-AUS,0.1,-3.475668790778248,-5.384217214703729,0.6143660928603455
236203,CAMELS-AUS,0.1,0.2638135358632291,-0.24713221969662746,0.8024058139953826
236204,CAMELS-AUS,0.1,0.09141592310855695,0.24492791176199935,0.4193627354417985
236205,CAMELS-AUS,0.1,0.09789193012843489,0.5515540969001356,0.14938742900299362
236209,CAMELS-AUS,0.1,-0.20057463785821072,-2.1556451055881682,0.8875295118631937
236210,CAMELS-AUS,0.1,-3.8024147326717266,-5.384006801426087,0.808910391995642
236212,CAMELS-AUS,0.1,0.46001376599145105,0.603916266790327,0.600376533993406
236213,CAMELS-AUS,0.1,-5.626444497413424,-11.570076648729863,0.5351049041280034
236216,CAMELS-AUS,0.1,-0.9789061430616184,-2.0094552433990707,0.7185687376274746
237200,CAMELS-AUS,0.1,0.556788977968047,0.6214586998833188,0.7407046000578772
237202,CAMELS-AUS,0.1,0.2550694081294146,0.5618233628012934,0.4827564253882888
237205,CAMELS-AUS,0.1,-1.7264114104550097,-1.0380867524311967,0.981256212571997
237206,CAMELS-AUS,0.1,0.3763760548801808,-1.993785214057639,0.9773124151406262
237207,CAMELS-AUS,0.1,0.2382075920015826,0.6020410017517015,0.41730955056210317
238204,CAMELS-AUS,0.1,-10.508776710287487,-31.059679537214812,0.7632859132702243
238208,CAMELS-AUS,0.1,-0.18694538972560415,0.09625773443374763,0.6493802192106667
238219,CAMELS-AUS,0.1,0.37823950497656256,-0.25854994784861995,0.851319204276697
238223,CAMELS-AUS,0.1,-0.35165733503618024,0.13544819772077643,0.15636527519854515
238229,CAMELS-AUS,0.1,0.3482872875443621,0.4444852940248194,0.7259760196749793
238230,CAMELS-AUS,0.1,0.08025120412753506,0.6271018993193569,0.1964675594280355
238231,CAMELS-AUS,0.1,0.4928538213164758,-0.1600572908324045,0.8454782485668833
238235,CAMELS-AUS,0.1,-0.014303696192346171,-1.6238812318644489,0.7069233290222003
302200,CAMELS-AUS,0.1,0.05767365595998708,0.6308626507735745,-0.06658949584133245
302208,CAMELS-AUS,0.1,-0.10315402609407243,0.12391598951315075,-0.44039207414027404
302214,CAMELS-AUS,0.1,-1.004141360455896,0.13968110277341605,-0.6222793839609322
303203,CAMELS-AUS,0.1,-0.496398581869131,-0.03980287446284647,-0.23067047805336638
304040,CAMELS-AUS,0.1,0.7761294367459868,-0.10695657016876048,0.8793256624598483
304497,CAMELS-AUS,0.1,0.7935645010488351,-0.4498148439601233,0.9231298908594023
304499,CAMELS-AUS,0.1,0.6788089763945644,0.42896251372598604,0.7725641612154823
305202,CAMELS-AUS,0.1,-0.06310362047087059,-0.16934135578270193,-0.01389901185052378
306119,CAMELS-AUS,0.1,0.12985384341670325,0.434118403481892,0.4584156822183262
307473,CAMELS-AUS,0.1,0.1799582170518339,0.5763292254165231,0.44572638740660264
308145,CAMELS-AUS,0.1,-0.051266427843312146,0.37716262933086375,0.17148331093407887
308799,CAMELS-AUS,0.1,0.0013480734706430297,-0.07053735363048674,0.3137705486760567
312061,CAMELS-AUS,0.1,0.5840296277969322,0.3225506811023987,0.8702415282203875
314207,CAMELS-AUS,0.1,0.47555725030486573,-0.4036162877345999,0.6117125291138453
314212,CAMELS-AUS,0.1,0.6640662326528692,-1.0892534514091272,0.7557748182911739
314213,CAMELS-AUS,0.1,0.4902822813617419,0.7039469767003764,0.6073784369753126
314214,CAMELS-AUS,0.1,0.7602945129323943,0.2062771285865892,0.8634250825416678
315450,CAMELS-AUS,0.1,0.12217440514016842,0.049135567186552986,0.4949644145318173
316624,CAMELS-AUS,0.1,0.5220383735647527,-0.13989155523677743,0.7965126308907081
317200,CAMELS-AUS,0.1,0.2550869525253978,0.8603064439805633,0.33665481041057344
318076,CAMELS-AUS,0.1,0.48831948206883646,-2.2401617410488908,0.6160777184378996
318150,CAMELS-AUS,0.1,0.11662729566442731,0.2990219966939923,0.1812885150505802
318181,CAMELS-AUS,0.1,0.5305341652717257,-0.9075815702542533,0.8203841851667237
318191,CAMELS-AUS,0.1,0.017503631816229825,0.2305757022151146,-1.2626066733798478
318311,CAMELS-AUS,0.1,0.4527112132651847,0.08933226029438324,0.4831938030774857
319204,CAMELS-AUS,0.1,0.28581306344783375,0.5610593518910262,0.4358043245763711
401009,CAMELS-AUS,0.1,-0.05481886086681986,-0.1393155223205622,0.016351053196673848
401012,CAMELS-AUS,0.1,0.6105455556137378,-0.37623989106858646,0.7942834641866128
401013,CAMELS-AUS,0.1,0.18179006139444187,0.23792447913424797,0.4564378882623956
401015,CAMELS-AUS,0.1,-0.2661844994292182,-3.260594647759861,0.16812354255670414
401016,CAMELS-AUS,0.1,0.2693650774093954,-1.976213051713481,0.7889383225198022
401017,CAMELS-AUS,0.1,0.08163425012526615,0.28384622214058897,0.1581801966703541
401203,CAMELS-AUS,0.1,0.5501251260656588,-0.1263403624973718,0.6869930062052599
401208,CAMELS-AUS,0.1,0.20854295315810845,-1.7901669247939629,0.49814296604619945
401210,CAMELS-AUS,0.1,0.550249606320433,-0.6851526508921779,0.7263101600530697
401212,CAMELS-AUS,0.1,0.8208758326115473,0.3911691367180363,0.9445854108400144
401215,CAMELS-AUS,0.1,-0.16097597007512543,-0.5548128353231585,0.3229733058948243
401216,CAMELS-AUS,0.1,0.6078634390485347,-1.7692568639223234,0.735180835863233
401217,CAMELS-AUS,0.1,0.4003844374857559,0.5654038268378272,0.5369352719234706
401220,CAMELS-AUS,0.1,0.1870850270850668,-6.443296257583385,0.7670647221817841
402204,CAMELS-AUS,0.1,-0.03441805669421916,-2.307492784596019,0.17806789656840583
402206,CAMELS-AUS,0.1,0.36193401905645584,-11.146581914991666,0.6839044221045205
402213,CAMELS-AUS,0.1,-0.014481718782439534,-1.8810602384003388,0.16241503873556684
402217,CAMELS-AUS,0.1,0.36060029755453504,-0.2209702850042501,0.657367016728426
403200,CAMELS-AUS,0.1,0.8125035672413863,-4.22716363898953,0.9540458900587231
403205,CAMELS-AUS,0.1,0.8477392324521199,-0.5525655189277445,0.9038869907737199
403209A,CAMELS-AUS,0.1,0.6593748006009362,-5.970260624841112,0.8039195191683397
403213,CAMELS-AUS,0.1,0.5467852535358579,-6.291938739123399,0.7678830950842404
403214,CAMELS-AUS,0.1,-0.12017332312729256,-3.2462191581032744,0.06806174375464158
403217,CAMELS-AUS,0.1,0.6903001137335556,-0.3090707844204239,0.7825696799188732
403221,CAMELS-AUS,0.1,-0.028823615301195593,-0.7406465100816539,0.13730970105205575
403222,CAMELS-AUS,0.1,0.6906192802866613,0.5128205781827949,0.7918788974281943
403223,CAMELS-AUS,0.1,0.8175784051423031,-0.06991185205979034,0.8612335886794771
403224,CAMELS-AUS,0.1,0.08239619873811932,-4.84780937916894,0.4609548488994921
403226,CAMELS-AUS,0.1,0.6428349689890449,-15.74064674507451,0.798689705856417
403230,CAMELS-AUS,0.1,0.8666351222288247,-0.4396423161547387,0.9287658237537733
403232,CAMELS-AUS,0.1,0.7915076203839658,-1.9563294540708638,0.9130213878060761
403233,CAMELS-AUS,0.1,0.7411597006655168,-0.11691426329838861,0.8722061830184844
404204,CAMELS-AUS,0.1,0.5148320906943713,-0.04241500516297436,0.9077274850442981
404207,CAMELS-AUS,0.1,0.42148705446108603,-0.8222742670939411,0.5951623206035273
405205,CAMELS-AUS,0.1,0.32297900908598454,-1.5473288941863443,0.629545852229779
405209,CAMELS-AUS,0.1,0.6552135631788945,0.13870376025135156,0.8186894954033652
405212,CAMELS-AUS,0.1,-1.1630457877888674,-1.8188297456534985,0.07249006390118795
405214,CAMELS-AUS,0.1,0.398858194004892,0.3123556570804148,0.5303368266516004
405215,CAMELS-AUS,0.1,0.8799140786182571,0.3443613852952696,0.9619360408892559
405217,CAMELS-AUS,0.1,0.4450307724480045,0.3089853919721608,0.6127770796378474
405218,CAMELS-AUS,0.1,0.6347321967561965,0.7759519733069736,0.7067079442802637
405219,CAMELS-AUS,0.1,0.6842396007912916,0.47503362165581386,0.758131802505439
405226,CAMELS-AUS,0.1,-0.637927012333483,-1.652407759813765,0.5830384419526933
405227,CAMELS-AUS,0.1,0.8890949899323274,-0.4213004670151377,0.964363743869747
405228,CAMELS-AUS,0.1,-0.5120285347724347,-10.918255255243311,0.5163578439896875
405229,CAMELS-AUS,0.1,-0.45744602824951053,-3.4654552728686534,0.37392363749354507
405230,CAMELS-AUS,0.1,-22.333993997974247,-225.4635608692673,0.031755639345647624
405231,CAMELS-AUS,0.1,0.4164483346528288,-7.186647859498423,0.6829086486348801
405234,CAMELS-AUS,0.1,0.24498197666262378,-1.468586376828446,0.46962145853567605
405237,CAMELS-AUS,0.1,0.5003214436994716,-1.1026192525833434,0.6544212413797986
405238,CAMELS-AUS,0.1,-0.5333216628345689,-2.4458479010849494,0.5492989964957535
405240,CAMELS-AUS,0.1,-0.20916658339229088,-3.6235057880538077,0.29621931955929226
405241,CAMELS-AUS,0.1,0.7011876347219308,-0.7529760698520858,0.7890776656900464
405245,CAMELS-AUS,0.1,0.6841442767519981,0.5996384023254466,0.7942462913731905
405246,CAMELS-AUS,0.1,-0.35971602775170375,-0.15928597845313264,0.11877260145737589
405248,CAMELS-AUS,0.1,-11.182865608366212,-88.68171708977387,0.02033029808119824
405251,CAMELS-AUS,0.1,-0.389490365845798,-26.599719004665083,0.5915340110618772
405263,CAMELS-AUS,0.1,0.5798731405912516,0.40471973944280915,0.6417891388546025
405264,CAMELS-AUS,0.1,0.7300417390137537,0.1341649209708814,0.8232296548045108
405274,CAMELS-AUS,0.1,-0.0714514848499348,0.39118817244788706,0.03687445918926424
406208,CAMELS-AUS,0.1,0.8007388548659602,0.29443959212368576,0.8371838861561722
406213,CAMELS-AUS,0.1,-0.12640764578520414,-4.480278355364,0.4424263201022076
406214,CAMELS-AUS,0.1,-3.3067871248873812,-15.979710433252912,0.43369663042490014
406224,CAMELS-AUS,0.1,-3.8526404438335637,-16.50270756282415,-0.9269385668125614
406226,CAMELS-AUS,0.1,-5.967786699302829,-10.170853887973289,0.8931880479468698
406235,CAMELS-AUS,0.1,-0.15128035725840472,-2.425698432869413,0.13079994788428273
406250,CAMELS-AUS,0.1,0.6074518701407192,0.4096172018070209,0.7430389249638253
407211,CAMELS-AUS,0.1,-2.5522204494350773,-0.48997588968205874,-3.171139046841988
407213,CAMELS-AUS,0.1,-6.351246551247868,-16.34554992091285,0.24285376347620102
407214,CAMELS-AUS,0.1,-11.31110118755049,-15.90662195603323,-9.708745471210728
407215,CAMELS-AUS,0.1,-0.3508525322654581,0.2776506979139941,-0.4790796759905074
407217,CAMELS-AUS,0.1,0.6513029303287874,0.27127743348756705,0.7893522451018855
407220,CAMELS-AUS,0.1,0.2897011345882432,0.27320822506846687,0.4123447359824599
407221,CAMELS-AUS,0.1,-0.3418402405354024,-0.008413909842857059,-0.18932381859231784
407230,CAMELS-AUS,0.1,-1.3352135342589095,-5.192011445741898,0.30881735754223794
407239,CAMELS-AUS,0.1,-3.2724204419580447,-1.504368359931581,-2.496937437659656
407246,CAMELS-AUS,0.1,-0.8395903400839384,-2.116594599356188,0.6622837246619435
407253,CAMELS-AUS,0.1,-24.467993794272125,-167.0553772282258,0.7784280700698676
408200,CAMELS-AUS,0.1,-17.364424232738067,-25.794776059690875,0.17817676664526594
408202,CAMELS-AUS,0.1,-0.4861233625178456,-0.589397758137798,0.2656341866788645
408206,CAMELS-AUS,0.1,-6.640110278634563,-49.03564679303061,0.18536329761022463
410024,CAMELS-AUS,0.1,0.328621901864686,-1.462276010943322,0.4924004989901909
410026,CAMELS-AUS,0.1,-3.248598816290829,-12.697836861490073,-2.5348186673788877
410033,CAMELS-AUS,0.1,-0.1617874551677121,-0.7224423619374138,0.7229271283855115
410038,CAMELS-AUS,0.1,0.10391953291867018,-1.1654210018268598,0.2475068588852548
410044,CAMELS-AUS,0.1,-1.7272592710077834,-6.225510176331399,0.1373357492987164
410047,CAMELS-AUS,0.1,-0.3205187427454206,-0.13161281923104529,0.2182269096773124
410057,CAMELS-AUS,0.1,0.36339851361484665,-0.673067388514156,0.479448485981114
410061,CAMELS-AUS,0.1,-0.768116515243997,-0.18160416070093865,-0.45160016441564577
410062,CAMELS-AUS,0.1,-0.2277036510260606,0.11659618199887711,-0.08668463778829305
410088,CAMELS-AUS,0.1,0.4554147359825216,-0.1959757860165754,0.584615019330073
410091,CAMELS-AUS,0.1,-3.2904239137461317,-32.906237958528685,0.3332373907638334
410141,CAMELS-AUS,0.1,-0.5765630669217845,-0.7106076431271351,0.3252066539846723
410156,CAMELS-AUS,0.1,-1.1832274919762398,-1.8769337545563318,0.09004779472738877
410705,CAMELS-AUS,0.1,-2.167749409890288,-1.8197804892499159,-1.563790180613179
410713,CAMELS-AUS,0.1,0.5544981469172132,0.24468504376527522,0.796772939072938
410730,CAMELS-AUS,0.1,0.3857537040640442,0.447617799114746,0.4996129556935267
410731,CAMELS-AUS,0.1,0.5965017869250218,0.3429746847217394,0.7561965080212226
410734,CAMELS-AUS,0.1,-0.22598697605163265,-0.27912106078385057,0.1697932301988634
410761,CAMELS-AUS,0.1,-0.05324536925855883,0.02320927192341804,0.6365638589380305
411003,CAMELS-AUS,0.1,-0.03581558311365751,0.1645034421350271,0.017845556194298395
412028,CAMELS-AUS,0.1,-0.39728689686391605,-3.0835699693161027,0.050571800771576636
412029,CAMELS-AUS,0.1,0.41036125622450836,0.8128920196050968,0.4721504309155655
412050,CAMELS-AUS,0.1,0.2624767251325506,0.14048247871299335,0.42949165664419
412066,CAMELS-AUS,0.1,-0.38170070340413753,-1.69962426982342,0.15719747223233294
415201,CAMELS-AUS,0.1,-24.210760971620253,-63.99273416250824,0.8251208085328187
415206,CAMELS-AUS,0.1,-0.0610399901794525,-0.29264104339592567,0.6417978093626797
415207,CAMELS-AUS,0.1,-0.6590985832798189,-1.4625727112624314,0.682111220206104
415220,CAMELS-AUS,0.1,-1.9286740106148805,-3.526038346481694,0.29459133538379123
415223,CAMELS-AUS,0.1,0.48934409235264953,-0.052202440729655075,0.8116932977160232
415226,CAMELS-AUS,0.1,-227.8485624291541,-1080.048375884752,-0.006072765357542531
415237,CAMELS-AUS,0.1,-4.3157087909498,-19.412543553014487,0.25167095762207825
415238,CAMELS-AUS,0.1,-13.40415983774675,-101.27222806310263,-5.534387285206161
415245,CAMELS-AUS,0.1,-1.096940556792593,-1.7233549326284163,0.5171878850970137
416003,CAMELS-AUS,0.1,0.4118585602689915,0.026300463795348117,0.5475803177460099
416008,CAMELS-AUS,0.1,0.15794406907295944,-4.776014264078079,0.5167081148209752
416010,CAMELS-AUS,0.1,-4.063174786375006,-0.8187515195435888,-3.782124838344944
416016,CAMELS-AUS,0.1,-1.8001433079597717,0.09152571006826982,-1.3321243707703627
416020,CAMELS-AUS,0.1,-7.283705599934732,-18.974971268789826,-1.8615654462632834
416023,CAMELS-AUS,0.1,-2.36620836984529,-4.044110137493953,-1.175844363806684
416032,CAMELS-AUS,0.1,0.0364720917268897,-0.849855983954523,0.2955990529517596
418005,CAMELS-AUS,0.1,-1.1347101371038288,-0.018221694254773713,-0.21316043926221795
418014,CAMELS-AUS,0.1,-0.10065225008352496,-0.004443168775650541,0.30951275917423937
418015,CAMELS-AUS,0.1,0.1786760714324641,0.4839167767122282,0.5305953554434453
418017,CAMELS-AUS,0.1,-0.44574973462780476,-0.17863509870696204,-0.16872818471263895
418021,CAMELS-AUS,0.1,-0.684047108250023,0.5753857662323951,-0.2287232599007165
418025,CAMELS-AUS,0.1,0.2204055283156343,-5.128327488692862,0.8201081142690777
418027,CAMELS-AUS,0.1,0.19929927795736302,0.2105251453272965,0.20190995162896075
418032,CAMELS-AUS,0.1,-0.38167470610050636,-0.4149563066216728,-0.10436136745306879
419005,CAMELS-AUS,0.1,0.5937721355094856,0.10048746575648682,0.6893287343837899
419010,CAMELS-AUS,0.1,0.4006412003643003,0.4473180996759901,0.5528570826562351
419016,CAMELS-AUS,0.1,0.22904047069371425,0.16473421311167957,0.4976487367641502
419029,CAMELS-AUS,0.1,0.021846210205576422,-5.04438625824866,0.14682116569532855
419035,CAMELS-AUS,0.1,-0.13368335304846224,-1.1191787002364277,0.2857735262637342
419054,CAMELS-AUS,0.1,0.34650976155682045,0.2519956762586659,0.5608222462027086
420003,CAMELS-AUS,0.1,-0.08961804498304549,-0.4017870794855174,0.07703041070759031
420017,CAMELS-AUS,0.1,-0.2532320195850455,-0.25010567245342563,-0.09502869030500016
421018,CAMELS-AUS,0.1,-5.129636506762594,-0.23952339238113596,-3.8955747360605226
421026,CAMELS-AUS,0.1,0.020290326401387393,0.3258544050660692,0.2704900684797281
421042,CAMELS-AUS,0.1,-0.20621935542484127,-11.675821612739314,0.24547291469774346
421048,CAMELS-AUS,0.1,-0.17469731765494356,-0.269126019017226,0.044310552519667756
421050,CAMELS-AUS,0.1,0.21603389459967637,0.4110994454311433,0.26879447516752153
421055,CAMELS-AUS,0.1,-1.0531738956283054,-1.9480595131408691,-0.64787859414785
422202B,CAMELS-AUS,0.1,0.7220791976065454,0.6337989349142727,0.8436713988943769
422306A,CAMELS-AUS,0.1,-0.11622858947937398,-0.18814694432641632,0.056199161753928806
422313B,CAMELS-AUS,0.1,0.3359443664239601,0.04636050598864572,0.5305560144128676
422319B,CAMELS-AUS,0.1,0.9064287737617832,0.7284687863476904,0.9791161446492413
422321B,CAMELS-AUS,0.1,-9.57536923147934,-18.378452666717205,-10.599446594426603
422334A,CAMELS-AUS,0.1,-49.24882693468957,-327.3031091864775,-6.576733608888239
422338A,CAMELS-AUS,0.1,-14.960331954883904,-74.78730962952835,-13.887489599156904
422394A,CAMELS-AUS,0.1,-1.258115811653596,-1.1910009220830218,-0.31032777246678833
424002,CAMELS-AUS,0.1,-5.215618732669894,-40.63923780868441,0.9741637453282749
424201A,CAMELS-AUS,0.1,-0.4631895648457467,-1.5638917304835513,0.9167981574489802
602004,CAMELS-AUS,0.1,-2.186073118244794,-2.217288925166621,0.1278879941068196
603003,CAMELS-AUS,0.1,-1.4247583512061013,-2.8878836129939116,0.45267720749276386
603004,CAMELS-AUS,0.1,-0.2702290004797592,-0.3892370031986432,0.43664425078300295
603005,CAMELS-AUS,0.1,-0.11290746068544633,-1.2648888891197965,0.515481782623284
603007,CAMELS-AUS,0.1,-2.892256265232033,-0.5147038873246939,-3.266184750077315
603136,CAMELS-AUS,0.1,0.10454794842457238,-1.2884655014811361,0.9216819224832555
603190,CAMELS-AUS,0.1,-0.3664671689119843,-0.2664152980380341,0.34337098634388186
604001,CAMELS-AUS,0.1,-1.1156465280930816,-2.5957611552768083,0.9155338751397293
604053,CAMELS-AUS,0.1,-0.14827217805359938,-0.8201919562552473,0.9395313878768753
605012,CAMELS-AUS,0.1,-0.11523000613289303,-0.5151294415215084,0.9703501825206446
606001,CAMELS-AUS,0.1,0.06506183516205233,-5.737685033795269,0.847983284640637
606002,CAMELS-AUS,0.1,-0.8046514238649523,-41.30284525397229,0.6597032687866449
606185,CAMELS-AUS,0.1,0.7312421798030035,-0.8560599071741968,0.8236625963776747
606195,CAMELS-AUS,0.1,0.6568027637595766,-0.4607036832730609,0.8663997797529861
607003,CAMELS-AUS,0.1,-2.09123810515001,-5.904287110085649,0.8579692947250352
607004,CAMELS-AUS,0.1,-11.86445896189761,-33.09365715283918,0.8262951660313911
607007,CAMELS-AUS,0.1,-0.5048824490917321,-0.45325347448006936,0.6236854053981564
607013,CAMELS-AUS,0.1,0.6706759917239338,-25.071135381170492,0.9757567332293732
607144,CAMELS-AUS,0.1,-0.6544172094480658,-10.085023688974177,0.9382244119587471
607155,CAMELS-AUS,0.1,0.5534053989961656,0.1890001181806864,0.6312720208036067
607220,CAMELS-AUS,0.1,-0.1331855088123306,-4.006717066362266,0.9795291326652834
608002,CAMELS-AUS,0.1,0.5592513270415153,-16.743068543153157,0.8644616512541567
608151,CAMELS-AUS,0.1,0.5366808945250627,-16.6649741035195,0.968917606118184
609002,CAMELS-AUS,0.1,0.7392296424448691,-2.7876920146501303,0.9478709330921312
609005,CAMELS-AUS,0.1,-0.2414427734545832,0.026621668371588303,0.27436656839810736
609010,CAMELS-AUS,0.1,-0.3628125707254073,-1.4260214985137165,0.9215794211270776
609018,CAMELS-AUS,0.1,-0.0594751925566015,-11.53250382036145,0.5751073866780441
610001,CAMELS-AUS,0.1,0.7336815124938827,-1.4672130284724223,0.9340857124705216
610008,CAMELS-AUS,0.1,0.27602844980588015,-6.874428733873364,0.926544087362186
611004,CAMELS-AUS,0.1,0.5798884774027208,-1.8148950147791583,0.8277382782140384
611111,CAMELS-AUS,0.1,0.5191634929053299,-0.8813858627881561,0.7256154014612755
612001,CAMELS-AUS,0.1,-0.8415389090023562,-2.7744755301417547,0.7896325428123515
612014,CAMELS-AUS,0.1,-3.9606653214263945,-20.469078301692996,0.7414285139321284
612025,CAMELS-AUS,0.1,-0.5988573386193543,-1.150832761214481,0.8189650041928433
612034,CAMELS-AUS,0.1,-0.7331606130288826,-3.1493563332259793,0.9516885533597891
612230,CAMELS-AUS,0.1,-0.3280851054189935,-1.861322980029429,0.42349002240135347
613002,CAMELS-AUS,0.1,0.6579290013860282,-12.229146238815197,0.9135709798878937
613146,CAMELS-AUS,0.1,0.6163158878219279,-13.831432637152174,0.7886514807326153
614006,CAMELS-AUS,0.1,0.07749289791898806,-1.261773947970204,0.8953760388497426
614037,CAMELS-AUS,0.1,-1.4689380832564765,-112.32516127099103,0.7207175869977583
614044,CAMELS-AUS,0.1,-7.238470163472682,-677.8752623891954,0.7735164586616657
614196,CAMELS-AUS,0.1,0.5075460361940478,0.2645413364350898,0.8864394345465475
614224,CAMELS-AUS,0.1,0.21239221084768523,-0.3394711090035991,0.8127425667744941
616001,CAMELS-AUS,0.1,0.40901200780886726,-1.7375357887645144,0.6878047617966614
616002,CAMELS-AUS,0.1,-31.875005997116276,-142.79196440276888,0.8610437947463966
616006,CAMELS-AUS,0.1,-0.734696529866705,-4.158619370743441,0.8950849519874892
616013,CAMELS-AUS,0.1,-760.3573699523605,-1283.5772136072633,0.7222981616151141
616019,CAMELS-AUS,0.1,0.06725867151301634,-5.56163064578493,0.9643852865417545
616041,CAMELS-AUS,0.1,-0.10664290888960593,-77.17548170654365,0.7087629448953385
616065,CAMELS-AUS,0.1,-24.339470006293517,-213.92280899577705,0.8776747824937452
616178,CAMELS-AUS,0.1,0.14127425432293506,-40.72143450541138,0.703052518682501
616216,CAMELS-AUS,0.1,-11.862357110012367,-217.7014496656427,0.7056730829087223
617002,CAMELS-AUS,0.1,-202.1545750650476,-428.9050429777698,0.5046280594331836
617003,CAMELS-AUS,0.1,-5.266462178997782,-23.617005545491132,0.8741178269096267
701002,CAMELS-AUS,0.1,-383.6153428518388,-675.9154241812402,0.581137676349238
701007,CAMELS-AUS,0.1,-143.32262400660235,-236.38546356769746,0.9344408143467299
701009,CAMELS-AUS,0.1,-405.61532228311313,-698.474442299517,0.6765825160121219
704139,CAMELS-AUS,0.1,-3.265520036282779,-6.60834673410812,0.16857886663233645
704193,CAMELS-AUS,0.1,-2.1539017487116143,-4.149136635271803,0.18045235852591068
705001,CAMELS-AUS,0.1,0.6845460345520041,-2.496501553300688,0.9184113051213756
707002,CAMELS-AUS,0.1,-0.7935007992295269,-1.5744317734042053,0.5824957979369008
707005,CAMELS-AUS,0.1,-1.6166097501524774,-1.4620912077126067,-1.0718011299876786
708011,CAMELS-AUS,0.1,-0.04410338281153736,-1.132663983424269,0.22090877440595902
709010,CAMELS-AUS,0.1,-1.0031617588761428,-2.9524954212134986,0.4733041705845632
710003,CAMELS-AUS,0.1,-0.31427106754478995,-2.4058010283701377,0.1063020843244531
710229,CAMELS-AUS,0.1,0.8089839195715511,0.8112764313080488,0.8541723979370697
802055,CAMELS-AUS,0.1,0.6787866479856319,0.36271892447360443,0.7926589256073265
803003,CAMELS-AUS,0.1,0.2557219550372586,-0.058156941996732714,0.3764638976762026
804001,CAMELS-AUS,0.1,0.520382952046311,-0.5694122475698118,0.6973349317576246
809310,CAMELS-AUS,0.1,-0.29265027462822757,-0.6820881815862674,0.31546145950557625
809315,CAMELS-AUS,0.1,-0.9549533176627094,-1.6662562735334654,-0.04119548002589757
809316,CAMELS-AUS,0.1,0.01716096336812667,-4.1772664535389215,0.4904632620520337
809321,CAMELS-AUS,0.1,0.481334812822208,0.2307479394847024,0.5401014163227091
809322,CAMELS-AUS,0.1,0.1973141860733032,-1.0038825781618863,0.5261839261354431
912101A,CAMELS-AUS,0.1,-0.8094095999254487,0.4030506947881761,-0.7308385544145173
912105A,CAMELS-AUS,0.1,-0.14080046878578756,-1.8408815912378742,0.3929110078623633
915011A,CAMELS-AUS,0.1,0.33516600116864426,0.20967103982250523,0.5426162793017231
915206A,CAMELS-AUS,0.1,0.2666020262587916,0.18083960768917084,0.1391941006392008
917107A,CAMELS-AUS,0.1,0.32930470519854305,-7.9488737539402585,0.7861900390095883
919003A,CAMELS-AUS,0.1,0.343383073368163,-1.4551125807766283,0.8523991317275403
919005A,CAMELS-AUS,0.1,0.4854393937403997,0.3204357934773344,0.6195980675687045
919201A,CAMELS-AUS,0.1,0.39251204280667396,-0.0656557926982344,0.421558055863838
919309A,CAMELS-AUS,0.1,0.7016860245840835,0.08317385709288794,0.8629618098783765
922101B,CAMELS-AUS,0.1,0.28406501370701,0.2942222927720074,0.47529256373936557
925001A,CAMELS-AUS,0.1,0.7680323562398852,0.22758544887200194,0.9215828290684822
926002A,CAMELS-AUS,0.1,0.7493208198727774,-3.353935897817414,0.8427505195583769
A0020101,CAMELS-AUS,0.1,-1.8792737456494057,-8.084104390678318,0.9868133936137804
A0030501,CAMELS-AUS,0.1,-803.2477803797806,-1827.5653593475372,0.7792892118006218
A2390519,CAMELS-AUS,0.1,-21.47937058585721,-27.32196266829838,0.8547022429579986
A2390523,CAMELS-AUS,0.1,-22.89481936695963,-62.901534147045325,0.9801105675276698
A2390531,CAMELS-AUS,0.1,-10.704962752158933,-15.064332307764417,0.9761167670363546
A4260533,CAMELS-AUS,0.1,-3.744033496189485,-4.978504374098672,0.7293062864529654
A5030502,CAMELS-AUS,0.1,0.051213199487924244,-1.9588092698954576,0.23683011004658894
A5040517,CAMELS-AUS,0.1,0.44169774576321463,-0.06722740358898016,0.6615883610346678
A5040523,CAMELS-AUS,0.1,0.07911264454171019,-2.2864962919794034,0.6730540343360868
A5050517,CAMELS-AUS,0.1,-6462.214347415772,-11279.150497393079,0.7407686159434815
A5060500,CAMELS-AUS,0.1,-2651.4515118510426,-4098.629162809083,0.8404298482132678
A5070500,CAMELS-AUS,0.1,-56171.09260439597,-81118.1823805652,0.9938594506422014
A5070503,CAMELS-AUS,0.1,-4631.099475806276,-7952.673479228254,0.9504670718259093
A5090503,CAMELS-AUS,0.1,-6.648358339023062,-9.747879444598228,-0.010759316016722087
A5130501,CAMELS-AUS,0.1,0.1522048195600637,0.09347294930011363,0.19913402504929023
G0010005,CAMELS-AUS,0.1,-0.00032200955049721536,-8.51679153510591,0.7043493005744694
G0050115,CAMELS-AUS,0.1,-29.188132790661996,-54.41480644277001,0.7427404704606118
G0060005,CAMELS-AUS,0.1,-1.5787459483422297,-18.4575076135244,-0.26051018767414313
G8110004,CAMELS-AUS,0.1,0.5628539144341,-3.6876401109717794,0.5852594692699145
G8110016,CAMELS-AUS,0.1,-6.441085725655576,-3.0077381412586357,-6.428987611435439
G8140001,CAMELS-AUS,0.1,0.6586663156035677,-0.548384272397042,0.8007490932088286
G8140008,CAMELS-AUS,0.1,0.4014170307730429,0.36974520599003247,0.6555791269328867
G8140011,CAMELS-AUS,0.1,0.46846789599316896,-19.28221710164736,0.9555708854133681
G8140040,CAMELS-AUS,0.1,0.8560041316140907,-2.372373887564702,0.9804474671069604
G8140063,CAMELS-AUS,0.1,0.0965581282791973,-0.12282166918489335,-0.04585631527187273
G8140067,CAMELS-AUS,0.1,0.8535359934908141,-2.8954749712380807,0.9408382860610895
G8140161,CAMELS-AUS,0.1,-0.10763256934183607,-0.19160915818322466,0.4244779039991764
G8150010,CAMELS-AUS,0.1,0.24990482645815615,0.5202918239960346,0.31570713806021444
G8150018,CAMELS-AUS,0.1,-0.4264132693201286,-3.3515346137954127,-0.006835269607696093
G8150098,CAMELS-AUS,0.1,-0.14721901437898466,-0.21892881607858627,0.024220474813835602
G8150180,CAMELS-AUS,0.1,0.2117386213906941,0.23748133525711357,0.19877549260829164
G8170002,CAMELS-AUS,0.1,-0.4608985871203142,-1.3300514562833308,-0.34968801702087826
G8190001,CAMELS-AUS,0.1,0.5847999161115683,0.5050550506125413,0.5435538595636057
G8200045,CAMELS-AUS,0.1,-0.37121835596012964,-0.2659515156952159,-0.25606123225227595
G8210010,CAMELS-AUS,0.1,0.1742536621958879,-1.6058580103398228,0.45984523163353963
G9030001,CAMELS-AUS,0.1,0.6101243651756314,-16.13270823412058,0.9853074880748357
G9030124,CAMELS-AUS,0.1,-0.32256617373512975,-0.825768684987267,-0.16793061593613512
G9030250,CAMELS-AUS,0.1,0.8512000604088144,-1.0226665750283828,0.9735856776493681
G9070142,CAMELS-AUS,0.1,-2.7798776489873656,-2.035605242711229,-2.011505066735044
