basin_id,model,mode,dataset,NSE,KGE,RMSE,MAE,PBIAS,FDC_slope_error,FDC_KGE,tail_RMSE_95,tail_RMSE_99,RB_flashiness_obs,RB_flashiness_sim,n_predictions
10005,timesfm,zero_shot,CAMELS-IND,0.7051852804850915,0.7236221522971784,12.560758179680594,4.134860386451085,14.182503595968495,0.010544995719359393,0.7374756474994741,8.083887362598658,2.9331130981445312,0.645809,0.6516263,30
10008,timesfm,zero_shot,CAMELS-IND,0.15768255163407885,-0.0619832142508665,647.4945852837352,105.68477694785341,-53.35739913526473,-0.002636458906697836,0.06255675956815132,2801.0555131401084,5802.383875698914,1.2900343,0.7336995,188
10010,timesfm,zero_shot,CAMELS-IND,0.6086218548202877,0.7869007615481334,66.4114361404345,19.734590495549792,-8.809226856776403,,0.9020809178550917,249.7915414096714,355.7643372955451,0.6882948,0.7175479,183
10011,timesfm,zero_shot,CAMELS-IND,0.765104257266552,0.5219454733793549,100.5042346214568,28.922004365540566,-30.88445768646818,0.00039206336830830205,0.5273355736856866,416.0370680139103,517.5921126213367,0.9351203,0.7165838,188
10013,timesfm,zero_shot,CAMELS-IND,0.48533727985860753,0.38814737334623794,29.44243253632881,5.2750802506571235,-24.9609305277872,0.0023427640492762174,0.44188907260999344,126.0744580560267,255.70275466085602,0.85161144,0.66613,184
10014,timesfm,zero_shot,CAMELS-IND,0.5330891189671432,0.6454922645458113,49.2812824691588,15.879925542875476,-17.73555715415581,0.008520774487467873,0.758178047542856,177.9110310823718,301.5385015756794,0.7218835,0.6415288,184
11001,timesfm,zero_shot,CAMELS-IND,0.05767150164372725,-0.3022907399976169,282.00179634114176,28.114813452687596,-68.49529332416523,,-0.1180687756164569,1202.6648182235087,2678.0634084208414,1.4983553,1.09952,182
11010,timesfm,zero_shot,CAMELS-IND,0.32119954295593567,0.1719504103258549,146.31289658099755,30.98649857906585,-35.164401843598036,-0.0032387840649938937,0.22154335590257013,629.2145246403356,1284.2657616244337,0.88658905,0.4740411,188
12001,timesfm,zero_shot,CAMELS-IND,0.7971828555216538,0.8362894538407025,16.772220293795083,4.521103885311347,-5.309952570786835,-0.011769800079920165,0.8728876888335729,70.80524220168773,135.16115818719217,0.48923594,0.47405568,156
12004,timesfm,zero_shot,CAMELS-IND,0.7039570496361887,0.6137451603037285,235.06139074197395,65.28287915830259,-15.671119510075492,0.0001625843044975369,0.6372791797143884,942.9692794781633,1537.689218298228,0.6139823,0.5130747,108
12006,timesfm,zero_shot,CAMELS-IND,0.47424932259245933,0.33001258525629884,42.55133547795036,11.850260589985137,-38.46785281753765,-0.004568675328938801,0.38330528070952874,174.87677906158822,300.2725625642462,0.9268857,0.81303537,188
12009,timesfm,zero_shot,CAMELS-IND,0.8359390956799333,0.7041953365731952,15.018806208400473,5.507135561826052,-18.947116101268662,0.020836082371606265,0.7113747451369201,56.70408541763765,65.70862095002774,0.71603477,0.6751353,135
12012,timesfm,zero_shot,CAMELS-IND,0.07625221815397842,-0.15784052856741204,205.72097456893874,34.7457783877501,-52.79188272234283,0.006115823999938742,0.04068025307409029,893.2715341942866,1805.749019378133,1.0537281,0.50962245,171
12015,timesfm,zero_shot,CAMELS-IND,0.29526832329491026,0.6326606814362534,16.185949226825734,4.10005391346548,-15.877672332037433,,0.7924429205612409,68.80246665085527,66.60113370283528,0.8221915,0.91363555,152
12016,timesfm,zero_shot,CAMELS-IND,0.27043820318427814,0.23171716258632924,96.98477015446748,21.293861321312317,-29.091836582381166,0.009909312497253568,0.3775578232156068,412.0967375416456,884.1280542219604,1.0509644,0.829725,188
12018,timesfm,zero_shot,CAMELS-IND,-6.826524556559193,-1.0028131557695836,260.83138624115315,36.295640638896394,20.92268049544854,0.01202736948772961,-0.8810730829405273,182.84946445523525,265.540669797388,0.70013785,1.119002,168
12020,timesfm,zero_shot,CAMELS-IND,0.6980701427801332,0.7775285803204566,480.72791990708976,136.4662087623109,-14.729580499379246,0.007638953224699908,0.8421954206439457,1870.8381839396966,4105.190090494393,1.0048087,0.9582827,188
12025,timesfm,zero_shot,CAMELS-IND,0.5363055279529847,0.4419408066196827,948.7415901584238,231.68371630729513,-24.060398086667824,0.0012671431656688416,0.48073214259616504,3952.328215657134,7344.855191693455,0.73688096,0.50044733,188
12026,timesfm,zero_shot,CAMELS-IND,0.7194876371648085,0.7092075700854237,348.6528196469926,104.7404978123117,-10.80942840956114,-0.00022502100645931979,0.7478948435121984,1424.1882399457604,2167.3565940644453,0.49460644,0.4276787,188
12029,timesfm,zero_shot,CAMELS-IND,0.5895907253302304,0.6484941792661252,34.18845422197987,14.30135917421279,-18.817713745515835,-0.003242639628013834,0.7278662761616894,115.60468831272128,87.64281907272341,0.8017359,0.80270857,123
12035,timesfm,zero_shot,CAMELS-IND,0.8635867859569877,0.8308265962085372,339.49916451521585,221.6119671172284,-8.131809170021626,-0.0062964286428188205,0.8440338236055379,965.1338947306317,1100.8177514540353,0.56474406,0.43807068,188
12036,timesfm,zero_shot,CAMELS-IND,0.18856533277040466,0.048480047834808526,249.64800170653842,37.25698466912803,-37.023027739956866,0.0002178313930109449,0.1726309755685982,1066.4065247687413,2359.884974075349,0.9521251,0.6402797,184
12038,timesfm,zero_shot,CAMELS-IND,0.3520784485470181,0.23415058599128358,163.4009030173392,37.37367660965414,-36.84188068474144,-0.0013567207855359753,0.3106357950210248,690.6263412325474,1442.01231873627,1.018232,0.7903744,188
12043,timesfm,zero_shot,CAMELS-IND,0.6477211628030317,0.42778205596378105,67.08609714829073,15.664903113041182,-29.394629846495047,-0.00322490580265955,0.4366748542991312,289.2656447879493,539.3076612182932,0.96288,0.7489925,171
12044,timesfm,zero_shot,CAMELS-IND,0.7374372403334263,0.8121165501036752,9.614397869954015,2.522607231117104,-9.9375333451721,-0.004433048244603832,0.8720045221164066,38.994502729962726,78.44306044031225,0.60615253,0.6361183,186
12046,timesfm,zero_shot,CAMELS-IND,0.7580507716601534,0.7000825770969779,293.5905328473381,83.52839713400982,-16.862631951576123,0.00046639490562405683,0.7243021888502145,1233.4068731187979,1956.331264641618,0.60215545,0.50639033,188
13004,timesfm,zero_shot,CAMELS-IND,0.27217753368687847,0.11290360083055873,412.39559616620215,74.64681881082488,-43.36721122529384,,0.1971624909878119,1774.4977004163213,3869.7860723628596,1.0722637,0.7031394,187
13010,timesfm,zero_shot,CAMELS-IND,0.3253446042757817,0.3113438993891099,90.6270836163025,21.79904593161211,-35.94333441577454,,0.45493443339158846,350.3377799181101,622.5631903821121,1.3629365,1.18149,145
13012,timesfm,zero_shot,CAMELS-IND,0.01939730143221352,-0.323744268383946,72.13414909832733,18.131907273029935,-73.38505959135284,0.0030660389509424846,-0.12258363750491896,297.74913835698123,414.89368057250977,1.323656,0.85018307,69
13016,timesfm,zero_shot,CAMELS-IND,0.6917461392386342,0.547504117707502,262.3646875334625,80.47715413141574,-34.313659773871954,,0.5739419640911121,1026.9516180611693,1008.8104128333279,1.26445,1.3308434,177
13017,timesfm,zero_shot,CAMELS-IND,0.6982806092134106,0.4964943529219179,169.44155507443344,70.02599972333664,15.593917790427437,-0.03747278766307907,0.49688029502157105,696.9275510174347,952.40283203125,1.2224101,1.2863864,39
13025,timesfm,zero_shot,CAMELS-IND,-6.384658610554356,-1.3910196298410842,264.390375489153,41.40275041605218,36.53709243950628,,-1.3882358367096508,1120.982600220516,1928.5395848904934,1.1342878,1.5058001,109
14001,timesfm,zero_shot,CAMELS-IND,0.889592324966338,0.8862532075313767,89.87989041632154,54.623654251098635,-5.671925391408229,-0.0012482805539475311,0.8957563854225212,28.441109273173705,40.211669921875,0.65931314,0.8302004,25
14003,timesfm,zero_shot,CAMELS-IND,0.6295602537346996,0.4961846423208579,111.78249943107534,35.516869756589465,-32.89357750557109,,0.5300016546594644,452.94312018601966,708.2000398464513,0.9980542,0.9057589,185
14004,timesfm,zero_shot,CAMELS-IND,0.7356965328875575,0.5899437106645412,43.48448259723534,12.07489385119493,-25.11213798996179,,0.6066853912082333,177.21546246777447,301.9192163053037,0.7442549,0.656221,121
14005,timesfm,zero_shot,CAMELS-IND,0.8798771964423616,0.6550445927139545,4.685861454706714,4.647117853164673,2.9148143625981247,,,4.0457916259765625,4.0457916259765625,0.6553563,0.41791466,2
14008,timesfm,zero_shot,CAMELS-IND,0.29265004087992386,0.11217762720070823,83.77237322360087,15.099560613628174,-50.24995495355673,,0.21278548551593368,358.96025658381916,726.1118519635833,1.25887,1.0568725,185
14009,timesfm,zero_shot,CAMELS-IND,0.6456005425422686,0.49898514102479774,68.85882240415886,39.70500764064491,-25.983149030174022,-0.011169118604690949,0.5146433691232768,169.8738950209197,106.33963012695312,1.2709414,0.9190484,24
14012,timesfm,zero_shot,CAMELS-IND,0.5324974739001367,0.34197896672894246,59.17461524270248,14.465568072024595,-33.16355751845377,,0.3541922972988445,248.62152633475338,407.0769667116685,0.8431493,0.51627696,162
14014,timesfm,zero_shot,CAMELS-IND,0.10564711811872551,-0.045709005606853204,113.56523718063907,15.194738847178382,-37.48489917648593,0.0024826299022542853,0.1518508622580782,486.85203945042747,1083.5911778180405,0.91274494,0.583013,185
15001,timesfm,zero_shot,CAMELS-IND,0.7101421452213427,0.5841265660501045,68.04545590574311,28.073990220359217,-24.655899152057273,,0.6028031797446124,252.8366959408269,350.36485280740334,0.6732459,0.56444633,156
15003,timesfm,zero_shot,CAMELS-IND,0.6813809533195624,0.6489891317311416,6.387487745601515,2.06410676240921,-7.628052753765951,-0.002118934906000949,0.6860531989125039,26.51477692483729,49.13219346099211,0.53303707,0.40242255,188
15005,timesfm,zero_shot,CAMELS-IND,0.86916676544542,0.8390530021634779,26.306321387594533,11.847927542484324,-6.446029838045346,0.002823705552411765,0.8518470745761948,83.60314986656688,172.59440675856166,0.51515955,0.4864928,184
15006,timesfm,zero_shot,CAMELS-IND,0.46385240752948786,0.616680246642477,39.54104149482279,13.32177050593634,4.503095286750518,-0.02358516662466234,0.7754035085526882,146.47025427786983,270.8787550642058,0.6121397,0.4620815,172
15007,timesfm,zero_shot,CAMELS-IND,0.5260983424091021,0.5734673580662508,16.863685395971874,6.2646350317968515,-17.07203510385846,,0.6640582144108722,67.59684777791665,121.3759417913688,0.85585296,0.61646104,159
15008,timesfm,zero_shot,CAMELS-IND,0.8785804037909173,0.8089249915822607,176.43278213508844,79.54481578310546,-11.00624768167774,0.002387254844709849,0.81699219743398,607.2700803450027,1104.786287177468,0.60051554,0.5374074,161
15009,timesfm,zero_shot,CAMELS-IND,0.7480540645289291,0.6661319656598803,55.6769260441597,17.25213610119325,-14.812144893478058,-0.0019947305338252133,0.6853629881058809,226.83064945298054,459.89493616111554,0.6103132,0.48500377,188
15010,timesfm,zero_shot,CAMELS-IND,0.6532107554751416,0.7699824415956682,36.9647368379102,17.666284238404415,-9.492360972113609,0.007154080297249822,0.860898051125402,141.1252655279972,195.53823720493375,0.54921037,0.41752613,188
15011,timesfm,zero_shot,CAMELS-IND,0.7577329391666043,0.7464540596944658,26.52250573649185,11.07091753460143,-11.176538317737622,,0.7776986649263686,94.49519261034558,171.31078846203576,0.55838174,0.4979533,184
15012,timesfm,zero_shot,CAMELS-IND,0.6585155549042772,0.682747271281372,52.32546835640615,19.54218772117321,-12.814323442634176,0.0027046814269139283,0.7382945167566829,204.64294211069594,382.249991809437,0.76858073,0.68993485,164
15013,timesfm,zero_shot,CAMELS-IND,0.7146808415857299,0.7063053376001269,40.775411700835036,12.468576737107677,-13.408808913649722,,0.7469469133086365,166.88869791438216,338.80708618535243,0.72804564,0.5832088,171
15014,timesfm,zero_shot,CAMELS-IND,0.43285383087329843,0.5106802150986837,70.17485719506821,17.155030293429785,-16.146836082385935,0.004293179882953857,0.6391311656927459,295.78014333393685,643.7762871205673,0.8086937,0.64384484,188
15016,timesfm,zero_shot,CAMELS-IND,0.7516408054684041,0.6779833799480373,67.21258537679184,24.607217642898654,-16.35396282683021,0.0062918935081373445,0.6986087010874131,259.9899520269881,387.3685094659168,0.6626602,0.5946617,102
15017,timesfm,zero_shot,CAMELS-IND,0.6664663187494353,0.5210421344723745,139.7971319712504,44.855962913099894,-24.31915912734697,,0.5404527237151402,572.182334018578,799.8425857105582,0.7331652,0.6664009,170
15018,timesfm,zero_shot,CAMELS-IND,0.8932290987881448,0.8559194340332352,3.5390223836216212,1.3807705055274393,-8.225468024746919,,0.8655167903977741,11.595079119229222,12.712956357409688,0.5468097,0.46766046,161
15019,timesfm,zero_shot,CAMELS-IND,0.7860402584461601,0.7481004456269829,62.29828594206934,27.946917110965366,-11.806260335138356,0.0020561433646689754,0.7683411686575209,229.75036400449605,384.91642893326457,0.6450108,0.52519655,168
15020,timesfm,zero_shot,CAMELS-IND,0.7648295875480652,0.8506358429413144,17.134892362012742,6.100907809411486,-8.870198759384511,0.003893631218477689,0.9092332023907892,44.2110284804627,49.31734406555073,0.90912056,0.99677503,186
15021,timesfm,zero_shot,CAMELS-IND,0.8503154993479805,0.8157795616369742,85.3291289053831,44.38794069905435,-5.253949450518593,0.0005433565809157687,0.8294992223260057,292.84321945522237,369.40684343476227,0.52936804,0.4157068,186
15022,timesfm,zero_shot,CAMELS-IND,0.46310903448901963,0.6961744451696359,37.97821678409777,14.514266151894805,-6.698939188493983,-0.0014772835938601306,0.8962408961286098,150.6155283995319,218.7168784492923,0.5335678,0.46032223,186
15023,timesfm,zero_shot,CAMELS-IND,0.7834823961279705,0.6965053821305375,95.5127235354311,31.812616013631384,-17.022899288417605,-0.015635486792559647,0.7128687490286647,391.4730709294878,335.1923538461192,0.72235274,0.5914986,186
15024,timesfm,zero_shot,CAMELS-IND,0.859556990051459,0.7884371071173178,24.86740309538726,10.752802712208515,-12.265794169981813,-0.0029598195790870516,0.7984540834692679,79.0730316270047,117.52062268840773,0.6882172,0.6416717,185
15026,timesfm,zero_shot,CAMELS-IND,0.8636302243981235,0.91225218433079,41.9801608034228,27.050622161659035,-2.6901122292748827,-0.00023156831324641983,0.9467937574347893,112.83003539799212,50.32192879761564,0.4663517,0.36502808,185
15030,timesfm,zero_shot,CAMELS-IND,0.7787844102838761,0.7242293617208857,21.63293451179937,10.159591262599072,-13.643407168051242,0.0014691020854921202,0.7442837880274142,73.30911828934286,87.15964107032764,0.75106937,0.6186717,166
15031,timesfm,zero_shot,CAMELS-IND,0.8424859488412842,0.8634331326244724,2.1354559361960006,0.8816354604547515,-9.269917954236305,-0.002654351145325577,0.8888269984248606,7.282694716786394,3.5726930751074044,0.7276895,0.68057114,187
15032,timesfm,zero_shot,CAMELS-IND,0.7179035917476453,0.7910191940274771,35.14403380332419,15.497569943539972,5.874121532884568,-0.024827994712374693,0.8531287283709396,106.35862705245033,204.26361925133736,0.6021484,0.5377586,172
16001,timesfm,zero_shot,CAMELS-IND,0.9127747822962458,0.8429703688065521,17.46437884513106,6.452340363692015,-6.711891317329509,0.008284884088765807,0.8476345117790021,61.144320893020975,91.07466294817439,0.7652123,0.7271317,156
16004,timesfm,zero_shot,CAMELS-IND,0.7464337707343305,0.8128740771202942,63.176916071022255,20.212671442749752,-11.274279241196096,-0.004627380305889883,0.8665264173807287,243.29182621630812,472.1758490013316,0.5956606,0.6327164,181
16007,timesfm,zero_shot,CAMELS-IND,0.3596759304731352,0.3843333689978956,102.3125251184853,22.737510411275757,-20.905186797650256,0.004179957752030311,0.5134152507423568,426.7660650866621,812.0307104634729,0.72220224,0.4729732,144
16012,timesfm,zero_shot,CAMELS-IND,0.544134813629298,0.5888128834358497,128.110078650407,36.928631779006736,-24.027111784299457,0.001467763759755325,0.6752585341367584,535.6586575143618,957.5263904385716,0.9648156,0.8574834,186
16014,timesfm,zero_shot,CAMELS-IND,0.6138396321609481,0.6582835801384945,81.91490394683653,24.777660235128504,-4.984005395439789,-0.006211234503620704,0.6684364614955904,342.0040130201082,666.6406872257654,0.65152127,0.72972023,188
17001,timesfm,zero_shot,CAMELS-IND,0.6970627894771311,0.6195725064461067,2.651697502472768,0.712850815244019,-25.781163514607943,,0.6521391505953209,11.248352054274084,15.500022902712603,0.84277797,0.7696531,150
17003,timesfm,zero_shot,CAMELS-IND,-0.37664944076503915,-0.0770937275874164,242.4220678210129,30.861101296787172,-32.595732830417624,,0.5210888427554218,1032.520113727455,1930.1403066002642,1.8539019,1.8171128,127
17005,timesfm,zero_shot,CAMELS-IND,0.6239525986938604,0.32907545733731147,80.88963415341121,15.395457331413404,-43.86726629454081,,0.33861204802585354,341.2462058014334,489.7054645655376,0.6708777,0.84174955,125
17006,timesfm,zero_shot,CAMELS-IND,0.10714461253744956,-0.1146066006580595,567.0590844527951,74.4567390700742,-59.3950019847171,-0.0010153307547627263,0.10221582363548476,2388.0868796237637,5310.5237899621925,0.9302506,1.3563923,186
17007,timesfm,zero_shot,CAMELS-IND,0.5194825109362173,0.5133218717449387,1.969528456630871,0.2600868085165167,-12.45314992585237,,0.5160904545266897,8.424304827658334,17.023399291036608,1.3318071,0.64983696,183
17009,timesfm,zero_shot,CAMELS-IND,0.43713452289120036,-0.019979829644304337,79.57422888498522,12.237424729690698,-73.96423312695796,,-0.014843107054086868,345.32551852472807,592.7969064273277,1.782928,1.5168673,113
17011,timesfm,zero_shot,CAMELS-IND,0.7544450951930605,0.6546563304934383,21.898682408089865,6.807826153290125,-11.857797861980519,0.001046718346487046,0.6688432381734097,88.6121647262304,137.55005699111064,0.7081717,0.62768704,162
17012,timesfm,zero_shot,CAMELS-IND,0.8997694717769267,0.7095761748382485,9.730599292417974,1.5953052980743998,-15.127773009061372,,0.7101947922943643,41.22580267738699,71.43096904180474,1.2770046,1.0221077,126
17015,timesfm,zero_shot,CAMELS-IND,0.8994249034511869,0.9331454359664367,1.2652366234292003,0.2610563740352208,-3.6144763479000357,,0.9421923574107058,1.2652366234292003,8.983381160321997,1.2912385,1.2206442,188
17019,timesfm,zero_shot,CAMELS-IND,0.9264219145002308,0.8757850720586718,5.248843921803242,2.8422302015907857,-7.397433092819557,0.0063203926026397655,0.8802904112970289,16.852599384692308,18.930505856255113,0.43846545,0.4011125,181
17022,timesfm,zero_shot,CAMELS-IND,0.17604897863191682,-0.07870936827920816,73.19700388231415,8.683354769507057,-58.064857434904255,,-0.07402891562255576,311.5155202696588,580.8917844205384,1.5240412,0.9785839,127
17024,timesfm,zero_shot,CAMELS-IND,0.7862425100569914,0.41177867428693016,26.891122311232994,5.5461534302877755,-46.46261308491865,,0.4136405046415438,116.97630035510254,149.19322085778953,1.0194564,1.3559463,114
3002,timesfm,zero_shot,CAMELS-IND,0.46027814804679135,0.4937467253307606,32.896838525526874,11.446730681757971,-27.23301218213303,,0.5952548203625232,126.65506686903187,239.15044355392456,0.8306214,0.8371584,74
3005,timesfm,zero_shot,CAMELS-IND,0.693315350676796,0.5978997713741068,675.6397973734028,193.28999559454462,-26.02198625462442,0.0004462137965127455,0.62751772381425,2842.2665612033165,4524.277121630619,0.9956641,0.8387451,188
3008,timesfm,zero_shot,CAMELS-IND,0.5968725590255748,0.4607237831725689,511.73170932442036,92.95113540234718,-30.29339298153463,0.020611634389771094,0.4886169902174773,2203.449236456424,4718.0050050444215,1.1316712,1.0032655,188
3009,timesfm,zero_shot,CAMELS-IND,0.38269474051112207,0.18441830310955243,0.8948381056197476,0.29151790566365454,-71.53270541747928,,0.25743155967917253,3.3604623976515335,7.394455634057522,0.94682235,4.1453114,84
3013,timesfm,zero_shot,CAMELS-IND,0.39287465138532385,0.6427516522603722,34.20932719751385,7.371980602119831,-14.21849209824257,-0.0022604679871006395,0.6886740401605823,147.11600617691053,309.5875051357448,0.90141773,0.9349039,188
3014,timesfm,zero_shot,CAMELS-IND,-0.011843928394564385,-0.360892478120604,72.71224992775396,8.30915742732109,-44.797081092153554,-0.0006816318784896112,0.01902938665999654,315.1952451951869,697.4628347330976,1.1258044,0.506576,188
3017,timesfm,zero_shot,CAMELS-IND,-1.7489897445538762,-0.023880601557655146,12.291103743243752,4.147562306167351,-22.209021909881585,-0.005053134891649075,0.07334641148539556,13.51534817782904,22.1301851272583,0.67668754,0.991249,72
3018,timesfm,zero_shot,CAMELS-IND,0.7168154143365405,0.5241622449730965,284.2204785845783,87.42220668385669,-25.630355608591966,-0.014045836033533474,0.5300879095305795,1079.4632814871882,2263.6175537109375,0.8483819,0.6600515,82
3019,timesfm,zero_shot,CAMELS-IND,0.8720674445671203,0.7535417044930472,1.340757115352612,0.5414292689053003,-23.600187701373223,,0.7589468758089897,4.950150818414211,4.873870362253945,1.0500029,1.3036709,132
3020,timesfm,zero_shot,CAMELS-IND,0.7501102312893273,0.3628140279867351,26.575926252970504,4.317559136269787,-44.66288708228287,,0.36281402798673534,26.575926252970504,234.96490478515625,1.1614742,1.1145566,97
3024,timesfm,zero_shot,CAMELS-IND,-7.989315648682165,-8.229479876594057,0.26884821751425564,0.14975248689467952,-902.1547862147537,,-8.229479876594057,0.26884821751425564,0.1586228609085083,0.8584071,-0.57585645,82
3028,timesfm,zero_shot,CAMELS-IND,0.2758996683131727,0.05459219213065225,346.9864062829853,59.42957292730979,-50.69209392008183,0.03184152199796941,0.10919004122005804,1499.4320127364558,3041.528177271592,1.3207943,0.87213206,188
3029,timesfm,zero_shot,CAMELS-IND,0.7496904571375242,0.8092650831730944,28.923133756612046,8.614952148477931,0.13074605726637956,,0.8511130002240431,89.96025197602657,142.11483764648438,0.8673822,0.7456055,85
3030,timesfm,zero_shot,CAMELS-IND,0.16691913167005445,0.062030098019624225,130.53569991636923,28.03288868125132,-50.92228295683903,0.020064581138980145,0.25343309220857346,560.5371536777285,1136.975833204937,1.2399887,1.1907014,188
3031,timesfm,zero_shot,CAMELS-IND,0.811266479337706,0.7097527514164428,49.239063296915006,21.054539514781737,-15.318381126807198,,0.7207880533520584,176.82401436155655,151.96440070326,0.8293923,0.71225214,110
3038,timesfm,zero_shot,CAMELS-IND,0.1661184225785476,0.1541431026297474,14.890592481101574,3.3910568620085266,-45.17124568366717,,0.3625752363469448,60.65269810690806,111.65135673833528,1.455656,1.7977663,133
3040,timesfm,zero_shot,CAMELS-IND,0.23916145989977344,0.17402923649709545,55.60183650329094,13.115215000201095,-34.027427231980255,0.0022314103587723066,0.32830438099856596,237.0077979323051,474.62652790938154,0.9907179,0.7020344,188
3043,timesfm,zero_shot,CAMELS-IND,0.8590332757950006,0.6884139672982763,1822.0191109812806,560.011058289954,-17.334893404117217,-0.0007515409228567652,0.6916818844686556,7506.837329946301,11547.354215464144,0.6669016,0.59752345,188
3045,timesfm,zero_shot,CAMELS-IND,0.6393512772838759,0.7086417187838356,159.6457149407039,75.13585703860048,-8.828108018420242,-0.0011495932387941225,0.7808737843622432,542.2910818270022,454.849365234375,0.37499547,0.32838848,93
3047,timesfm,zero_shot,CAMELS-IND,0.6862880999066443,0.5797387875969674,2.5343586708974986,1.9979123711585998,37.168948140592505,-0.014621581958310379,0.5811833414993864,4.404268264770508,4.404268264770508,0.29680812,0.35752806,10
3048,timesfm,zero_shot,CAMELS-IND,0.23702691010162447,0.09073002129874763,179.41715078923525,45.05510880465203,-47.60447547748194,0.024225392170843425,0.2114159055991519,767.3408489220964,1468.4402885817105,1.0272373,0.78870404,188
3055,timesfm,zero_shot,CAMELS-IND,0.8567286639688894,0.8609476721462415,116.72280098089136,32.7566315874235,-5.458833112591834,-0.00343795157960608,0.8757104501688826,415.79486990403615,694.9632221903578,0.6194001,0.78361875,134
3056,timesfm,zero_shot,CAMELS-IND,0.006205494201974027,-0.42134374732381086,72.19971085844809,8.72362586608325,-70.47077758882116,,-0.17772161455767987,319.66203761889994,672.8726484687016,1.5741397,0.96755224,177
3057,timesfm,zero_shot,CAMELS-IND,0.9789055015466723,0.930689306884176,212.1613987440558,82.6563951225691,-4.095181226056223,0.001673282981462923,0.9312614281727484,697.3132221389867,459.59122477941554,0.30861735,0.32305592,186
3064,timesfm,zero_shot,CAMELS-IND,0.07191953326052292,-0.14339478844980813,84.24333376119134,12.360765340038249,-46.517691969335274,0.0009633530919547217,0.05990867615774331,361.2425502043722,790.2278974804806,1.1523185,0.8342165,185
3068,timesfm,zero_shot,CAMELS-IND,0.9746432251533845,0.9629389260235399,54.39852355258263,18.095333754315096,2.1096365049592447,-0.006531586500098038,0.9647165337945227,136.1219027817051,138.056396484375,1.4973092,1.475559,85
3069,timesfm,zero_shot,CAMELS-IND,0.18313290373090862,0.32766380929017447,60.48978290487271,31.85801968673865,-27.343712712029596,-0.02550503438156411,0.5517888903453012,206.56023025512695,206.56023025512695,1.5680028,1.3940809,15
3071,timesfm,zero_shot,CAMELS-IND,0.591916622753289,0.4987731466977776,3572.853654983741,839.0635663681343,-32.15066531848053,-0.011533159809978051,0.5488943947303403,14091.397259960468,23886.038964777523,0.76851857,0.77159894,122
3073,timesfm,zero_shot,CAMELS-IND,0.8857488313232185,0.730676981565247,1478.2758690918524,491.4133831631054,-16.636656873282448,0.0016687889997613198,0.7337929377165898,5740.942379708061,6868.554538493478,0.9116252,0.82438976,165
3074,timesfm,zero_shot,CAMELS-IND,0.3478716794513097,0.5351762650943035,23.51934515778658,12.947104440315774,-22.013642875227816,0.015040992891037747,0.5706139290457428,69.13979408798653,29.70171356201172,0.6838498,1.4582919,38
3075,timesfm,zero_shot,CAMELS-IND,0.8829490336588064,0.8107420223641281,1232.9440044714088,477.79962367899935,-11.992326134240564,0.0027033079757625145,0.8182999757819929,4770.287939759272,7099.377862135314,0.66989976,0.6665347,171
3076,timesfm,zero_shot,CAMELS-IND,0.7415036503982539,0.7097882569904679,28.412725330234913,19.808083833966936,-8.880393836759607,-0.012557945153751294,0.7343054352245443,77.3898446355831,52.85408020019531,0.36417246,0.28049132,35
3079,timesfm,zero_shot,CAMELS-IND,-0.0675186213434893,-0.19947269620498886,41.64954741977872,13.567328972458515,-58.8638920703129,,0.1379867145343613,139.23691614125883,193.49950909614563,1.4135752,1.8346934,23
3081,timesfm,zero_shot,CAMELS-IND,0.12710260810957408,-0.14924854477647798,702.7649187503567,87.13661192366203,-62.887488898391375,-0.004882150112157438,-0.09505211877479458,3065.796555522471,6483.632432501179,1.3898278,0.85454184,172
3082,timesfm,zero_shot,CAMELS-IND,0.32641842900053,0.1009300795895115,74.78403050916755,13.841124527705766,-50.244881677818185,-0.003795365015973065,0.14019958185157633,330.6867683519305,608.5756089972622,1.3054476,1.2551054,139
3083,timesfm,zero_shot,CAMELS-IND,0.04518288988774988,-0.31020732438566356,199.39483631940843,24.952705005898668,-67.2448141185264,0.0013297881677765827,-0.13631478939931418,857.2657860684237,1890.7648314958415,1.3880663,0.6388605,185
3085,timesfm,zero_shot,CAMELS-IND,0.6886387853364212,0.4114067648286751,49.5291922454312,26.37045356631279,-42.58530435385528,,,98.81024169921875,98.81024169921875,1.74431,1.4934484,8
3087,timesfm,zero_shot,CAMELS-IND,0.8758029244931329,0.8468180899106506,209.81731745783202,74.45704621207105,-14.046696832412982,0.0224785818415026,0.8588067420959699,873.4200841454576,422.61703812617435,0.8761459,0.9661988,137
3089,timesfm,zero_shot,CAMELS-IND,0.3060176336089847,0.566937499078318,40.142580091953036,9.959672276369695,-24.982036628856374,,0.735778162610723,175.9745149938707,264.8083056678658,1.4137138,1.3602312,140
3091,timesfm,zero_shot,CAMELS-IND,0.6563779365093776,0.8286288808797225,0.5140307827698299,0.43883275985717773,5.606426023251929,,,0.6505873203277588,0.6505873203277588,0.23344053,0.2405726,8
3092,timesfm,zero_shot,CAMELS-IND,0.888064698174458,0.7749971498755872,73.81235762535941,36.23252760645855,-11.404917142667449,0.0005036358024955029,0.778694826279956,242.44227671735285,358.361572265625,0.68441355,0.56834227,83
3094,timesfm,zero_shot,CAMELS-IND,0.10739873579383286,-0.1648986332268887,257.50112113835513,46.58651724679673,-62.48276380311502,-0.0016369293706902238,-0.016390958286314428,1114.3313059530144,2327.6591689891916,1.277778,0.83124983,188
3098,timesfm,zero_shot,CAMELS-IND,0.3496415801627055,0.47258393209270433,8.161936914989933,5.443901009857655,-22.464106028144347,,0.48834224635044543,22.31311029320676,8.901782989501953,0.6970752,1.1941926,32
3099,timesfm,zero_shot,CAMELS-IND,0.2791723042045109,0.577211988500046,37.40976736684738,14.168894247746314,-14.618229538930144,,0.8229727581189561,105.61579290673119,104.10157775878906,0.9537086,0.7656808,85
3103,timesfm,zero_shot,CAMELS-IND,0.8581948033647329,0.7380718657833103,561.2505631223701,193.06155078683125,-15.534224808635965,0.003734697334034129,0.744726203189561,2096.6138112434824,3488.007343722945,0.665305,0.6258389,149
3105,timesfm,zero_shot,CAMELS-IND,0.9117807266793985,0.895955728398197,23.386245428889556,10.353424433273139,-3.2234131292313073,0.00929363932130621,0.905657429731662,62.689464227547674,125.39935302734375,1.0516002,0.94151926,97
3107,timesfm,zero_shot,CAMELS-IND,0.47671824670284035,0.4294463772663678,38.20917715569955,11.859251824834953,-28.735114679995352,0.01850267425946904,0.505808531550348,150.83064026820924,237.7992143904065,1.0125078,0.87214077,144
3109,timesfm,zero_shot,CAMELS-IND,0.5627561090764057,0.13914105129456644,492.0619097435758,114.26926458899534,-61.03746260980212,,0.14139577528490288,1972.6921274440983,3939.103515625,1.4895414,1.2206388,85
3110,timesfm,zero_shot,CAMELS-IND,-0.05190876754492768,-0.4635544073686557,175.01589602432585,41.28486427461336,-99.27817095725759,,-0.46310508476463896,762.7669343948364,762.7669343948364,1.9547788,2.0422976,19
4003,timesfm,zero_shot,CAMELS-IND,0.8948516031435848,0.8955381345511219,149.89250756062816,51.86551029694363,-7.367179852107573,,0.9101387812690677,509.027863432657,371.14262087437913,1.0818563,1.22061,116
4004,timesfm,zero_shot,CAMELS-IND,0.9120318955880767,0.7345958363292203,122.65043272593755,34.988694731678635,-17.09596019679117,,0.736141604550383,482.2835121910301,713.4383607140068,1.2107936,1.1470224,188
4005,timesfm,zero_shot,CAMELS-IND,0.8245134056780379,0.7660577938736174,6.347426199191572,2.1066973915034586,-11.063375220392873,,0.7812968311596824,25.903159598901286,35.71203955881113,0.6072253,0.6142817,145
4006,timesfm,zero_shot,CAMELS-IND,0.15534388761540474,0.07281074491834472,81.03071135774275,21.36377870897914,-48.58024436077124,,0.276064115999171,297.7118711264169,509.2725124359131,1.2432516,1.4768828,43
4007,timesfm,zero_shot,CAMELS-IND,0.48965844806092595,0.32053573814773995,50.37698258059659,11.201509591973116,-35.54703873162625,-0.007178797362262644,0.35783400473606297,214.0974296079757,434.7164949835478,0.99125904,0.69581723,186
4012,timesfm,zero_shot,CAMELS-IND,0.45618283474953336,0.3483408667438832,8.635444364333928,1.735434320121211,-29.9500042099919,,0.40794647932398487,37.13963908968827,78.68981549489929,1.0580298,0.7690877,188
4013,timesfm,zero_shot,CAMELS-IND,0.5890354649695667,0.46594968037538087,1431.2934259381057,248.3354265458798,-29.978989742479303,0.008576611901508047,0.5070642591421021,6327.761276433565,12962.797913763085,0.71974653,0.58632517,178
4015,timesfm,zero_shot,CAMELS-IND,0.6169524310691026,0.5556309483644464,47.9956451364438,12.103555845177691,-8.446997177945178,0.001958683183427748,0.574761779381477,199.91012556317762,425.87015155783484,0.57662594,0.534999,184
4016,timesfm,zero_shot,CAMELS-IND,0.905478148007816,0.8853212656149625,113.35396880443855,46.05750278462755,-8.528873737339518,0.0011891987062881762,0.8953532031284277,379.78122996490555,139.50107904039527,0.81123954,0.6910141,188
4017,timesfm,zero_shot,CAMELS-IND,0.8194224280329052,0.6048773732856688,349.0413328999315,97.63750706206669,-25.543290555540313,-0.007772643124067918,0.6096079908224883,1414.024537472486,1836.0092480417545,1.027336,1.0708917,187
4018,timesfm,zero_shot,CAMELS-IND,0.10163320071969895,-0.24714547278818877,46.8266152635051,5.170114677035289,-79.69611042310822,,-0.24520283349642336,203.0117559782247,452.690228080099,1.7163827,0.82699615,188
4021,timesfm,zero_shot,CAMELS-IND,0.4799023441244771,0.28717833754231803,153.92416248912855,37.36226107569764,-45.33594749627121,,0.3342950557321598,648.4235816381794,1127.7374717638677,1.0883989,0.9697369,185
4022,timesfm,zero_shot,CAMELS-IND,0.19843754912826062,0.008641619410637125,126.75413925732981,19.38362710762452,-46.76566465802108,-0.024669116196528215,0.06616703712295458,546.9842290316037,1177.1429741375134,1.2357613,0.8226796,188
4023,timesfm,zero_shot,CAMELS-IND,-0.004501089414239656,-0.5562998118149896,43.17471071528633,3.9825895718592954,-82.47425614666913,,-0.2809568877394226,188.15897572437305,398.81325603846085,1.8095695,1.1108199,171
4024,timesfm,zero_shot,CAMELS-IND,0.9820646109037544,0.7511733031703308,0.09838593515332139,0.02393662714991175,-22.659777215061418,,0.7512015216114181,0.09838593515332139,0.8975503620993913,1.7181209,2.205497,180
4025,timesfm,zero_shot,CAMELS-IND,0.9595915990796007,0.7661008328071793,5.571663471367862,1.544337920345894,-16.115534169408356,,0.7661845753230279,22.75440701480271,37.759598299184226,1.0383779,1.0304542,127
4026,timesfm,zero_shot,CAMELS-IND,0.8788434605869,0.719546772512405,215.49251738949866,72.79024247086528,-19.849023708111055,,0.723577869859986,788.6389045007269,505.36879840813873,0.8663324,0.92484164,188
4028,timesfm,zero_shot,CAMELS-IND,0.7365817311354098,0.8062456624457126,6.135482874007794,2.2115847557330053,-14.288653306686905,,0.8489070773310872,22.558727784409566,34.018392829936786,1.0242652,0.9966242,185
4030,timesfm,zero_shot,CAMELS-IND,0.5724719603477204,0.5159012013834565,49.075954391400735,10.805879597096368,-28.883866411991452,0.0016062808620154537,0.5731037724955446,211.07034594740563,338.0748458764801,0.9104416,0.88378906,188
4031,timesfm,zero_shot,CAMELS-IND,0.8371083045317607,0.673058979735258,132.05868809059484,28.504186160406693,-15.96409485258613,,0.6747278688760701,556.7037609597144,1195.7233085327405,0.94041973,0.85401416,188
4032,timesfm,zero_shot,CAMELS-IND,0.8186154315220114,0.561550287146956,338.59264600789754,56.95528517695717,-29.348059042695102,,0.5649292911038913,1458.3386697032931,2187.7070234511084,0.5144217,0.5485779,130
4038,timesfm,zero_shot,CAMELS-IND,0.5167494946777518,0.37688809847987104,98.2315676328301,21.968373952537497,-40.35553638380225,,0.43348581391501795,418.3681614594934,784.1946360211467,1.3246675,1.1734464,188
4040,timesfm,zero_shot,CAMELS-IND,0.59316644774711,0.6324072149715503,47.57951365302591,15.46538010961131,-12.300799486758194,-0.003931086267994988,0.7065487285474112,200.09774633559522,354.59522247314453,0.52345735,0.5411981,95
4041,timesfm,zero_shot,CAMELS-IND,0.8197934120388296,0.8603442797116534,1.054923776454987,0.36264490651509423,-2.8028851696034374,,0.8801894129111518,3.5719903362868646,5.336407745374647,0.9202237,0.93052024,127
4044,timesfm,zero_shot,CAMELS-IND,0.42579216218188665,0.5862887588540224,101.96386792573998,40.4645111829494,-27.487554384738527,,0.6960523017733191,335.2803505265363,566.6853637695312,1.1668708,1.2191094,66
4047,timesfm,zero_shot,CAMELS-IND,-275.043978104252,-15.333083878596412,1872.3785048102354,415.9549392751745,446.076809065416,,-15.327598154636693,204.48991430326433,242.30496215820312,0.74937475,1.5223851,37
4048,timesfm,zero_shot,CAMELS-IND,0.8759858620741874,0.7572458067404791,58.43935344850379,25.912673498148617,-18.74435128137364,,0.7635432187730844,174.53062541455895,277.94384765625,0.9441869,1.0898224,97
4049,timesfm,zero_shot,CAMELS-IND,0.7373020207613068,0.4492875902180006,26.28011056528362,8.850028979577242,-42.77340247855579,,0.4580182451721302,89.02800703325894,63.75640869140625,0.98105615,0.8384953,63
4050,timesfm,zero_shot,CAMELS-IND,0.7484203936128999,0.5650329043472755,1896.5126449702784,394.03936312740086,-26.882840597507794,-0.020453136991897714,0.5756980297933341,8124.915564788793,14497.278096516777,0.53282154,0.5758351,131
4051,timesfm,zero_shot,CAMELS-IND,0.8415864529495848,0.6255933216966385,0.31902588932607384,0.06612011168939755,15.527148830859232,,0.6259211366703431,1.334247077641454,2.656903274883613,1.762971,2.0402837,188
4054,timesfm,zero_shot,CAMELS-IND,0.6685692888563494,0.45895108886978,92.4099401216143,20.096436654373587,-38.99500440422208,,0.4812679036826556,390.53795812028966,650.4069474276439,0.86825264,1.0562592,188
4055,timesfm,zero_shot,CAMELS-IND,0.5426423849240578,0.24048220099451445,10.071781575072759,2.76161966431472,-50.43198484887963,,0.25377983846413477,42.60879686291885,49.96681785583496,1.8676287,1.7652663,36
4056,timesfm,zero_shot,CAMELS-IND,0.9083146008691403,0.8482104979451861,88.61164100480224,34.96107712249253,5.301786585149049,,0.8510598240917806,348.73863905128144,347.889404296875,0.99853635,1.1269162,51
4057,timesfm,zero_shot,CAMELS-IND,0.8306769888398823,0.6209297394307229,22.34180570585737,6.224985187243618,-24.69375835825191,,0.6246356166748115,87.37847114617968,156.994719318939,1.151368,1.127774,142
4061,timesfm,zero_shot,CAMELS-IND,0.6917239003563327,0.412775574107493,37.38973192227556,6.1828228490813535,-34.574425471165014,,0.41691577554556125,159.51742703174313,324.63440821951525,1.1055017,1.0286077,188
4062,timesfm,zero_shot,CAMELS-IND,0.8863803228486264,0.8242701170724007,116.40323756492276,41.742572369965465,-1.8133314450019924,-0.0015119454794304404,0.8279057498986595,380.2588310189881,635.275895283378,0.757632,0.85820836,188
4063,timesfm,zero_shot,CAMELS-IND,0.5140935939397786,0.31240480072519317,137.4260265896852,34.41121627863724,-44.109159154148614,,0.3517482297415684,570.2867084714751,1027.0519694283482,1.1393589,1.1019897,188
4064,timesfm,zero_shot,CAMELS-IND,0.5114795918408082,0.5155637166285747,204.16188486894737,47.42339845095325,-28.87554254781655,,0.6041493836775131,802.5372584731022,1566.59045596968,0.884058,1.072419,188
5001,timesfm,zero_shot,CAMELS-IND,0.6584718583052491,0.5475020521045777,28.564265722685168,8.108540386666913,-18.43343899789643,-0.0017446030569594137,0.5669891662322428,115.45908980984599,240.83414761718652,0.97265834,0.8460736,169
5002,timesfm,zero_shot,CAMELS-IND,0.7555401598999172,0.7987019281470957,85.24911506177382,35.50643816431786,-11.028876760665536,0.0015371496216926295,0.8429950451418116,307.8367019690386,306.1615742554905,0.6489519,0.5995597,188
5004,timesfm,zero_shot,CAMELS-IND,0.8539988682824379,0.8306622136993448,7.293428231539323,2.6477259250342966,-10.493968579867348,,0.8471720410427155,24.715161260406877,10.488655212342385,0.56127864,0.6983296,126
5005,timesfm,zero_shot,CAMELS-IND,0.8851928703991333,0.7713865661304093,0.8882988434039367,0.22055660437741118,-12.608209116859678,,0.7726033380082457,3.5729957532800336,7.032652347383194,0.9895204,0.8593496,163
5007,timesfm,zero_shot,CAMELS-IND,0.24520296765891647,0.6144074214794775,19.194732250149453,5.091587872706845,-0.2456425380131971,,0.9165836009377664,60.799522722923214,91.22395246227543,1.1547992,1.3430415,144
5008,timesfm,zero_shot,CAMELS-IND,0.9394170237090584,0.9368263199689557,47.38866617979458,28.707389924505893,-4.471496620553899,-0.003135021642867955,0.9444281829469258,79.04348639133227,77.39338566000785,0.5242218,0.5055406,176
5010,timesfm,zero_shot,CAMELS-IND,0.87950816526664,0.7469855471011426,53.88906970406629,20.03675724287084,-14.482565881636921,0.0009144625678560031,0.7509171487087511,212.73782337557364,191.03874977258835,0.652233,0.56147486,187
5012,timesfm,zero_shot,CAMELS-IND,0.8470560979557904,0.7908990487564,57.468911763024536,24.116400614524117,-13.554984422579503,-0.02710502275851752,0.8036942433074454,152.03012028378475,82.66680908203125,0.7080618,0.6585777,52
5013,timesfm,zero_shot,CAMELS-IND,0.8277108840792553,0.7406093563929081,48.538936142976375,15.915752510520372,-13.204792051334236,-0.0007565999267115722,0.7524139903720394,197.57089260183145,134.63011589442823,0.7596205,0.6132196,188
5014,timesfm,zero_shot,CAMELS-IND,0.32602883685592965,0.10980061137875718,45.47174346863136,9.218612533373138,-56.8975834956165,,0.2016078183527904,192.67217127487675,289.3426368443676,1.4701239,1.1311969,126
5015,timesfm,zero_shot,CAMELS-IND,0.3637948417539897,0.28430468695012634,66.80312149645644,35.5069190079675,-40.564751505193094,0.051913594216981884,0.3759027402892692,190.20214644542358,251.6557431797576,1.267458,0.89202565,136
5017,timesfm,zero_shot,CAMELS-IND,0.7320582464494529,0.6589439356555847,29.49374218895399,9.9739532697391,-19.407939547749358,0.002219472871349666,0.6843749169168376,118.7537441715814,70.16288661030177,0.7152449,0.56441647,188
5018,timesfm,zero_shot,CAMELS-IND,0.22564471773175576,0.3077204825908706,8.93326152401577,2.7952468591801662,4.556295053762405,-0.002002401320292859,0.31104074299395135,36.27927746145248,80.43917551729717,0.45399395,0.4847695,188
5021,timesfm,zero_shot,CAMELS-IND,0.6811087261600591,0.5104742272529396,7.609354828658113,1.9649954527945808,-8.844713537210453,-0.0005641474756019546,0.5166649501313706,30.45617047478874,66.30314631942325,0.5135395,0.36565432,181
5022,timesfm,zero_shot,CAMELS-IND,0.49239401388377424,0.6017634659290758,4.235946914618751,2.3067369887486415,-8.950759412186423,-0.0031224493894331223,0.724313701235229,15.527124828836548,25.672542234336454,0.4872296,0.29808038,188
5023,timesfm,zero_shot,CAMELS-IND,0.4665207770341979,0.5737543852608715,0.4541103587010448,0.07483037901272448,-11.146447266533055,,0.6924916630698381,1.9718394832938895,4.149822682733245,0.49523428,0.3925486,173
5024,timesfm,zero_shot,CAMELS-IND,0.7557048595736672,0.7324649165227086,2.106968767862334,0.7110392258995596,-11.044159637290793,-0.00013064681771839115,0.7616304403237352,8.73109269698512,13.295199080009326,0.5437662,0.46707562,136
5025,timesfm,zero_shot,CAMELS-IND,0.7362858848678083,0.6605800391131192,0.1724980898044841,0.039826374867150925,-28.81924607767499,,0.6897932353924552,0.7549762054937516,1.2350473000902915,1.0802605,1.5158045,117
5027,timesfm,zero_shot,CAMELS-IND,0.7548824804755851,0.8323202150803496,9.065495172780029,4.256447452394402,-8.880329456785525,,0.8836873735693183,27.97685871700408,37.07120822308177,0.8601896,0.90619075,119
5028,timesfm,zero_shot,CAMELS-IND,0.5979599268828966,0.7333636055981854,40.247674189120566,15.446263444509437,-9.006158458679659,0.003773896235108258,0.8437588789673907,149.11502849147453,275.0219029914847,0.5977429,0.5708336,139
5029,timesfm,zero_shot,CAMELS-IND,0.8687133582304071,0.9130570847407156,70.16784332934479,33.69075972828511,-5.44146357123969,-0.002132259215696028,0.9426653751921437,189.7891297992276,1.879871640357966,0.50176376,0.45810783,148
6001,timesfm,zero_shot,CAMELS-IND,0.7796681035960766,0.7517576955045435,123.30654074537311,33.39440688427458,-15.114821537315013,-0.004124207308018664,0.7772155176332407,499.13693298634655,982.0823786067045,0.9032418,0.9083033,188
6006,timesfm,zero_shot,CAMELS-IND,0.3592553388096562,0.2796639689858975,624.7004077985307,127.92646469260161,-32.60788943609105,0.0008398787016033679,0.3816838405057684,2612.707908727062,4385.808766007589,1.0340332,0.699496,106
6007,timesfm,zero_shot,CAMELS-IND,0.7848605272047668,0.7954270044593625,85.75475470331227,24.389595758407673,-9.486543804066478,-0.0033103977932342904,0.827081152644997,348.2825403723321,653.7823681763864,0.40139106,0.31411412,188
6008,timesfm,zero_shot,CAMELS-IND,0.638815963588715,0.5138495348695091,386.01409419360726,84.61938737473398,-20.23617572312841,-0.003964671600323884,0.5214308040768457,1577.8153995844964,2695.116107527491,0.7329508,0.570624,106
7001,timesfm,zero_shot,CAMELS-IND,0.4469920822335084,0.4286781373260019,32.28923250018662,9.0438032311962,-26.000787446527838,-0.010541288839283687,0.5209594087399978,135.37078504618754,178.88576495002195,0.8598172,0.7933843,188
7002,timesfm,zero_shot,CAMELS-IND,0.7244014797910666,0.7443831871978235,188.60430236556482,47.56313119289723,-13.561783560174282,-0.0022262920597546365,0.7884765398818259,811.0791856147779,1207.4299064714123,0.961814,0.923925,188
7005,timesfm,zero_shot,CAMELS-IND,0.6127085269536798,0.6766280798625943,40.1124498726552,11.284557791149362,-10.671469353691416,-0.0009996462180045448,0.7514081702052341,136.45515902289483,238.75692866851048,0.65650374,0.5990249,188
7007,timesfm,zero_shot,CAMELS-IND,0.8677128645899982,0.7717036415768702,241.76196406301216,91.61164325348874,-15.455515211138103,-0.003622122989787549,0.7795525647858303,848.5570069049403,762.9217880059986,0.7142381,0.6718784,188
7008,timesfm,zero_shot,CAMELS-IND,0.24194176130219724,0.07425295229208317,325.01780063293063,46.76805815956694,-39.098573572362284,-0.0035575728618073357,0.09188319114019794,1399.2713367464876,3115.5645097512097,0.9482562,0.5702912,188
7009,timesfm,zero_shot,CAMELS-IND,0.6750455333772967,0.5560418031414207,466.4151918238246,125.65111968872395,-16.399349386191243,0.0018404341089414689,0.5720660695690429,1957.292166501838,4089.017207857428,0.59643483,0.42885238,188
7011,timesfm,zero_shot,CAMELS-IND,0.7152612209054384,0.7289507890550229,306.0224310969855,97.03926839727036,-14.766941227490294,0.0034160856377373344,0.7746346731093084,1186.3065511745654,2272.810758172954,0.746137,0.68735063,188
7015,timesfm,zero_shot,CAMELS-IND,0.5238223754356339,0.5110786333810361,68.56025264845807,18.63243618576807,-20.11075169810324,-0.001969839065933683,0.5777196190871274,276.83636948493603,586.6997600575454,0.69338596,0.51140076,188
8001,timesfm,zero_shot,CAMELS-IND,0.6767783634770481,0.4861557488005045,10.83556591335075,2.726529059252959,-28.525391364074302,0.005191672340421741,0.5004443859383623,46.33870910404216,76.06292145099184,0.92462224,0.83671266,188
8003,timesfm,zero_shot,CAMELS-IND,0.17796734459299113,-0.042111785502648935,496.0372556884264,57.36669109983647,-53.0983344664037,0.0013689912526541337,-0.03709701388269582,2149.834000740074,4761.518382111277,1.2121824,0.58414274,188
8005,timesfm,zero_shot,CAMELS-IND,0.41945789787257115,0.1446645495766915,103.50169074100413,20.51868981171766,-51.613467991153684,,0.16423005753997677,444.99025233260056,895.5666344384947,1.2338722,1.0211123,188
8006,timesfm,zero_shot,CAMELS-IND,0.414967412634512,0.259082783550294,1473.2255769588892,267.58133508257094,-36.216424956542795,0.00037163476451430866,0.30893884288932405,6345.740454486459,13741.725440763152,1.114544,0.8159013,188
8009,timesfm,zero_shot,CAMELS-IND,0.26385791248027113,0.23598698478779756,74.92266481293389,20.608260311186314,-36.55798214414253,0.011634489507023074,0.3981365050969562,300.70592646856045,464.53244645609743,1.2721292,1.0566292,185
8011,timesfm,zero_shot,CAMELS-IND,0.42154501368105357,0.22592109586981146,674.1750152027462,142.91527625355633,-44.5753145842232,0.0011536270454960418,0.27384882606276806,2900.220926815584,5822.317075226945,1.1358091,0.91220856,188
8013,timesfm,zero_shot,CAMELS-IND,0.673001220962602,0.5672315418431451,466.10494722452506,113.9415948441688,-18.72161488785397,-0.0017654627516534085,0.5910941301152525,1958.6585545060639,3911.706008729113,0.7067306,0.6115744,188
8016,timesfm,zero_shot,CAMELS-IND,0.6455213574597499,0.7130855565037639,301.4043524902002,86.31198472165048,-12.622252741106047,-0.005028436680430466,0.7661532575780516,1264.2078270579307,2227.3045826204366,0.67481303,0.6698582,188
8020,timesfm,zero_shot,CAMELS-IND,0.4572231159450253,0.2745293546506721,155.3397173162925,36.18237982763651,-43.578378786608766,,0.32611428521025254,639.9051043024579,1265.7435232443954,1.2111382,0.9925459,188
8021,timesfm,zero_shot,CAMELS-IND,0.4131841817992583,0.677187310580728,108.70570052119096,30.80742656934927,-5.205754759475289,-0.011848438174713975,0.9155318994922664,332.25290326854383,583.8150213913759,0.7999776,0.7870362,188
8023,timesfm,zero_shot,CAMELS-IND,0.3317288338679728,0.5169631085639412,11.788212282822531,3.471375290896622,-17.118119953262504,0.01487327466942924,0.7195535212838395,38.76832927849016,82.28662611401059,0.66642755,0.64527935,184
8028,timesfm,zero_shot,CAMELS-IND,0.35071800617277593,0.1430001297190976,109.14717474475543,21.653956453893038,-48.76298178323087,,0.19647444870119746,467.7788254513775,1000.1947442027722,1.3571059,1.1694864,188
8029,timesfm,zero_shot,CAMELS-IND,0.5138038441650284,0.3632714363780525,92.96737701381635,31.44415253605082,-43.28450971091866,,0.41414775622974964,363.8240219714368,475.84041633770016,1.1904789,1.1856747,137
8030,timesfm,zero_shot,CAMELS-IND,0.5589612094708458,0.369661530489214,41.58451934456781,11.465954296082629,-35.45865199879669,,0.3960736847627734,171.07257790142404,290.64502448001576,1.3460678,1.0676384,161
8031,timesfm,zero_shot,CAMELS-IND,0.8797790678776085,0.6855965125445297,75.1480702852956,19.736193897995225,-25.44239571538775,0.005136962714792796,0.6884792519471081,320.06465671389196,427.0908688599434,1.0174861,1.2086946,188
8034,timesfm,zero_shot,CAMELS-IND,0.27632487441606346,0.10339245834618815,1588.5837424141748,254.47832683846354,-43.93880280719441,0.00926376559381585,0.18440869328708187,6857.976154088271,15186.569279658303,1.2180336,0.83262765,188
8035,timesfm,zero_shot,CAMELS-IND,0.21742020830071151,0.09517480728965366,502.12789151089953,91.65370285023559,-42.23081078027667,,0.23858189071712255,2164.330054287573,4705.170874558955,1.0922376,0.8536833,188
8036,timesfm,zero_shot,CAMELS-IND,0.6860974631748349,0.6004664915172718,82.92444984054175,32.668553969981346,-21.602378152682117,-0.009220686266375268,0.6294809203124059,304.7832999147968,309.4905306341105,0.7347542,0.6551495,188
8038,timesfm,zero_shot,CAMELS-IND,0.65446867096846,0.6218456258666325,867.9419285581803,288.8420499514227,-13.847928762314282,-0.008940717140531552,0.6638564677118999,3538.5028694595844,4931.750775204797,0.6138439,0.4707583,146
9001,timesfm,zero_shot,CAMELS-IND,0.6630498541454505,0.5901756655405576,88.35293507805596,27.332420649238536,-24.421497095007197,-0.022926180304758917,0.6264475861492971,365.832251031042,533.5271712275351,0.5805076,0.60810626,185
9002,timesfm,zero_shot,CAMELS-IND,0.5620778360661116,0.39515992038232417,122.34341861991305,39.22144847212547,-40.24082131307154,-0.027749526691253024,0.4289759926831074,497.39000265182,688.0287095943859,0.8046994,0.64465183,178
9005,timesfm,zero_shot,CAMELS-IND,0.18147944584921072,-0.09005016807973787,14.651582937173627,2.1894708244985535,-62.879779346667725,,0.030323164575329464,62.69742456737658,116.9685495605104,1.2848978,1.0208114,129
9008,timesfm,zero_shot,CAMELS-IND,-0.12984517989872102,0.44688375990567886,2.2435157080764934,0.48970774020791163,-24.838377101974267,,0.6043205917785225,9.69646878932221,10.92518690798408,1.2445211,1.6612769,134
9009,timesfm,zero_shot,CAMELS-IND,0.8210332939082972,0.7713971170409244,22.50035663774826,8.130889173597097,-21.1415670391268,-0.001720725853852613,0.7842126378121006,79.48909397387692,46.9920654296875,1.2630804,1.3073307,71
9011,timesfm,zero_shot,CAMELS-IND,0.7919136386903293,-0.03071652946481529,0.08322847987178049,0.02565353748644084,-94.09165039628728,,-0.03071652946481529,0.08322847987178049,0.5799590311852681,1.2376238,9.719268,113
9012,timesfm,zero_shot,CAMELS-IND,0.07980288818823289,0.05328777416714736,1.363020478853627,0.17670313834043389,-52.29403815964603,,0.31059810620063244,1.363020478853627,10.596325718408478,1.5419388,1.7971547,121
